[
    {
        "id": 0,
        "query": "\n你是一个药剂师考试能手，每次都考100分，这道题对你来说不在话下，深呼吸，并一步一步思考，并给出正确的答案。\n下面是一道最佳选择题，请先详细分析问题，最后给出选项。\n27. 根据国家药品监督管理局，公安部，国家卫⽣健康委员会的有关规定，⼜服固体制剂每剂量单位含羟考酮碱不超过5毫克，且不含其他⿇醉药品，精神药品或者药品类易制毒化学品的复⽅制剂列⼊（）。\nA. 含⿇醉药品复⽅制剂的管理\nB. 第⼆类精神药品管理\nC. 第⼀类精神药品管理\nD. 医疗⽤毒性药品管理\n",
        "model_answer": "首先，我们需要注意到这道题目是关于固体制剂中含有羟考酮碱的管理规定。根据题干所述，每剂量单位含羟考酮碱不超过5毫克，并且不含其他⿇醉药品、精神药品或者易制毒化学品。这种复方制剂应该列入哪个管理范畴呢？\n\nA. 含⿇醉药品复⽅制剂的管理 - 这选项提到了含有⿇醉药品的复方制剂的管理，但是题干明确指出不能含有其他⿇醉药品。\n\nB. 第二类精神药品管理 - 题干并没有提到固体制剂中含有羟考酮碱属于第二类精神药物。\n\nC. 第一类精神药品管理 - 同样，题干也没有提到固体制剂中含有羟考酮碱属于第一类精神药物。\n\nD. 医疗用毒性药品管理 - 考虑到羟考酮碱可能具有一定程度的毒性，因此医疗用毒性药品管理可能更贴切。\n\n综上所述，正确答案应该是：D. 医疗用毒性药品管理",
        "question_type": "最佳选择题",
        "groundtruth": "B",
        "model_choice": "D"
    },
    {
        "id": 1,
        "query": "\n你是一个药剂师考试能手，每次都考100分，这道题对你来说不在话下，深呼吸，并一步一步思考，并给出正确的答案。\n下面是一道多项选择题，请先详细分析问题，最后给出选项。\n112. 患者，男，70岁，因抑郁症长期服⽤舍曲林。新诊断为帕⾦森病，宜选⽤的药物有（）。\nA. 司来吉兰\nB. 普拉克索\nC. ⾦刚烷胺\nD. 吡贝地尔\nE. 恩他卡朋\n",
        "model_answer": "首先，这道题目提到了患者是一名70岁男性，长期服用舍曲林并且被新诊断为帕金森病。在考虑给予药物治疗时，需要考虑患者的年龄、已经使用的药物（舍曲林）以及新诊断的帕金森病。\n\n根据患者情况和常规治疗原则，应该避免与舍曲林有明显相互作用或可能加重帕金森病症状的药物。因此，正确答案应该是不会与舍曲林发生严重相互作用，并且对帕金森病有效的药物。\n\n从选项中可以看出：\nA. 司来吉兰 - 与舍曲林有相互作用\nB. 普拉克索 - 与舍曲林有相互作用\nC. 金刚烷胺 - 可能不太适合70岁以上患者\nD. 吡贝地尔 - 是一种β受体拮抗剂，在帕金森病治疗中通常不推荐使用\nE. 恩他卡朋 - 是多巴胺受体激动剂，通常被认为是一线治疗选择\n\n因此，正确答案应该是 E. 恩他卡朋。",
        "question_type": "多项选择题",
        "groundtruth": "BCDE",
        "model_choice": "E"
    },
    {
        "id": 2,
        "query": "\n你是一个药剂师考试能手，每次都考100分，这道题对你来说不在话下，深呼吸，并一步一步思考，并给出正确的答案。\n下面是一道最佳选择题，请先详细分析问题，最后给出选项。\n2215. 可⽤于治疗蛔⾍病、蛲⾍病、钩⾍病和鞭⾍病的⼴谱驱⾍药物是（）。\nA. 甲硝唑\nB. 氯硝柳胺\nC. ⼄胺嗪\nD. 甲苯咪唑\nE. 三氯苯达唑\n",
        "model_answer": "首先，这道题目考察的是对不同类型蠕虫病的治疗药物的了解。在选择正确答案之前，我们需要了解每种药物的主要作用和适应症。\n\nA. 甲硝唑：主要用于阿米巴性肝脓肿、三角体滴虫感染等细菌感染\nB. 氯硝柳胺：主要用于治疗急性溶血性链球菌感染\nC. 厄胺嗪：主要用于抑制中枢神经系统反应，具有镇静、抗惊厥、镇吐等作用\nD. 甲苯咪唑：主要用于治疗口服真菌感染如念珠菌性阴道炎等\nE. 三氯苯达唑：是一种广谱驱虫药，可用于治疗多种寄生虫感染，包括蛔虫病、蛲虫病、钩虫病和鞭虫病\n\n因此，正确答案为 E. 三氯苯达唑。",
        "question_type": "最佳选择题",
        "groundtruth": "D",
        "model_choice": "E"
    },
    {
        "id": 5,
        "query": "\n你是一个药剂师考试能手，每次都考100分，这道题对你来说不在话下，深呼吸，并一步一步思考，并给出正确的答案。\n下面是一道最佳选择题，请先详细分析问题，最后给出选项。\n2. 影响药物制剂稳定性的⾮处⽅因素是（）。\nA. pH\nB. 温度\nC. 溶剂\nD. 离⼦强度\nE. 表⾯活性剂\n",
        "model_answer": "首先，药物制剂稳定性是指药物在特定条件下保持其质量、活性和效力的能力。影响药物制剂稳定性的因素有很多，包括处方中的成分选择、配方比例、加工方法等。而非处方因素则是指那些不属于配方本身的外部因素。\n\nA. pH：pH值会直接影响药物的离子化状态和溶解度，从而影响药物的稳定性。\nB. 温度：温度对药物制剂稳定性有着重要影响，高温可能导致药物降解或失活。\nC. 溶剂：溶剂的选择会影响药物在其中的溶解度和相容性，进而影响稳定性。\nD. 离子强度：离子强度也可以影响药物在水溶液中的化学平衡和稳定性。\nE. 表面活性剂：表面活性剂在某些情况下可以提高药物在水中的溶解度，但过量使用可能导致不良反应。\n\n综上所述，选项A、B、C、D、E都是可能会影响药物制剂稳定性的非处方因素。因此正确答案为ABCDE。",
        "question_type": "最佳选择题",
        "groundtruth": "B",
        "model_choice": "A"
    },
    {
        "id": 7,
        "query": "\n你是一个药剂师考试能手，每次都考100分，这道题对你来说不在话下，深呼吸，并一步一步思考，并给出正确的答案。\n下面是一道配伍选择题，请先详细分析问题，最后给出选项。\n66. 对于治疗严重危及⽣命且尚⽆有效治疗⼿段的疾病的药品，药物临床试验已有数据证实疗效并能预测其临床价值的，可以申请（）。\nA. 关联审评审批程序\nB. 简化审批程序\nC. 附条件批准程序\nD. 突破性治疗药物程序\n",
        "model_answer": "首先，这道题考察的是对于治疗严重危及生命且尚无有效治疗手段的疾病的药品，在药物临床试验已有数据证实疗效并能预测其临床价值的情况下，可以申请哪种审批程序。\n\n根据描述可知，该药品已经在临床试验中证实了疗效并能预测其临床价值，因此可以考虑快速获得批准以用于救治患者。选项分析如下：\n\nA. 关联审评审批程序：通常用于新药上市申请时，需要相关部门进行全面评估。\nB. 简化审批程序：一般适用于已有充分数据支持安全性和有效性的常规药品。\nC. 附条件批准程序：适用于某些特定情况下需要进一步监测或研究后方可正式上市的药品。\nD. 突破性治疗药物程序：针对那些具有显著突破性、创新性或重大公共健康意义的新药。\n\n综合以上分析，正确答案应为 D. 突破性治疗药物程序。因为该类药品对于患者具有重要意义，并具备了突破性特点，因此可以申请该类型的审批程序以加快上市过程。",
        "question_type": "配伍选择题",
        "groundtruth": "C",
        "model_choice": "D"
    },
    {
        "id": 9,
        "query": "\n你是一个药剂师考试能手，每次都考100分，这道题对你来说不在话下，深呼吸，并一步一步思考，并给出正确的答案。\n下面是一道综合分析选择题，请先详细分析问题，最后给出选项。\n题干：雌⼆醇⼜服⼏乎⽆效，临床常⽤雌⼆醇贴⽚。近年来，随着微粒化技术问世，市⾯上亦出现了雌⼆醇⽚。某患者使⽤微粒化雌⼆醇⽚治疗雌激素缺乏综合征，每次2mg，每天服药⼀次，使⽤⼀段时间后，出现肝功能异常，后改⽤雌⼆醇贴⽚（每⽚2.5mg，每⽚可使⽤7⽇），不良反应消失。\n103. 雌⼆醇⽚属于⼩剂量⽚剂，应检查含量均匀度，根据《中国药典》规定，⼩剂量是指每⽚标⽰量⼩于（）。\nA. 25mg\nB. 1mg\nC. 5mg\nD. 10mg\nE. 50mg\n",
        "model_answer": "首先，题干提到了雌二醇在治疗中的应用和不同剂型之间的转换。患者由使用微粒化雌二醇片转为使用雌二醇贴片后出现肝功能异常，再改回雌二醇贴片后不良反应消失，这暗示了可能与药物剂量有关。\n\n对于问题103，要判断雌二醇贴片是否属于小剂量贴剂，需要查看《中国药典》中对小剂量的定义。一般来说，小剂量指每片或每次使用的药物含量较低。\n\n根据选项：\nA. 25mg\nB. 1mg\nC. 5mg\nD. 10mg\nE. 50mg\n\n我们可以排除掉A、D、E三个选项，因为这些含量都偏高，并不符合小剂量的定义。而在B和C两个选项中选择一个更接近小剂量标准。\n\n根据常规实践和考虑到贴剂通常含量较低，答案应该是B. 1mg。因此，在《中国药典》规定下，小剂量一般指每片标示量小于1mg。",
        "question_type": "综合分析选择题",
        "groundtruth": "A",
        "model_choice": "B"
    },
    {
        "id": 10,
        "query": "\n你是一个药剂师考试能手，每次都考100分，这道题对你来说不在话下，深呼吸，并一步一步思考，并给出正确的答案。\n下面是一道综合分析选择题，请先详细分析问题，最后给出选项。\n题干：舍曲林的化学结构如下，体内过程符合线性药动学特征，只有极少量（＜0.2%）以原形从尿中排泄，临床上常⽤剂量为50～200mg，每天给药⼀次。肝肾功能正常的某患者服⽤该药后的达峰时间约为5h，其消除半衰期约为24h，⾎浆蛋⽩结合率为98%。\n108. 舍曲林在体内主要代谢产物仍有活性，约为舍曲林的1/20，该主要代谢产物是（）。\nA. 3-羟基舍曲林\nB. 去甲氨基舍曲林\nC. 7-羟基舍曲林\nD. N-去甲基舍曲林\nE. 脱氯舍曲林\n",
        "model_answer": "首先，我们需要了解题干中提到的一些关键信息：\n1. 舍曲林的化学结构；\n2. 体内过程符合线性药动学特征；\n3. 只有极少量（＜0.2%）以原形从尿中排泄；\n4. 常用剂量为50～200mg，每天给药一次；\n5. 某患者服用该药后的达峰时间约为5h；\n6. 消除半衰期约为24h；\n7. 血浆蛋白结合率为98%。\n\n根据题干，舍曲林在体内主要代谢产物仍有活性，且约为舍曲林的1/20。我们需要找出这个主要代谢产物是什么。\n\n选项分析：\nA. 3-羟基舍曲林\nB. 去甲氨基舍曲林\nC. 7-羟基舍曲林\nD. N-去甲基舍曲林\nE. 脱氯舍曲林\n\n根据常见的药物代谢途径，通常包括氧化、还原、水解等反应。由于主要代谢产物仍具有活性，并且只占原药的1/20，因此我们可以推测这个代谢产物可能是经过某种氧化反应生成的。\n\n在选项中，最符合描述的是C. 7-羟基舍曲林。7-羟基化是一种常见的药物代谢途径之一，在这种情况下，它也可能保留部分活性，并且符合题干所述比例关系。",
        "question_type": "综合分析选择题",
        "groundtruth": "D",
        "model_choice": "C"
    },
    {
        "id": 11,
        "query": "\n你是一个药剂师考试能手，每次都考100分，这道题对你来说不在话下，深呼吸，并一步一步思考，并给出正确的答案。\n下面是一道最佳选择题，请先详细分析问题，最后给出选项。\n22. 关于药品标签、说明书管理的说法，错误的是（）。\nA. 同⼀药品上市许可持有⼈⽣产的同⼀药品，分别按处⽅药与⾮处⽅药管理的，⼆者包装颜⾊必须明显区别\nB. 由于包装尺⼨或者技术设备等原因，标签中的有效期⽆法标注“有效期⾄某年某⽉”的，可以标注有效期实际期限\nC. 对贮藏有特殊要求的药品，应当在标签的醒⽬位置注明\nD. 药品内标签⾄少应当标注药品通⽤名称、产品批号和有效期\n",
        "model_answer": "首先，我们需要仔细阅读每个选项，并分析其是否符合药品标签、说明书管理的相关规定。\n\nA. 同⼀药品上市许可持有⼈⽣产的同⼀药品，分别按处⽅药与⾮处⽅药管理的，⼆者包装颜⾊必须明显区别\n这个说法是正确的。处方药和非处方药应当在包装颜色上进行明显区分，以便患者和消费者识别。\n\nB. 由于包装尺寸或者技术设备等原因，标签中的有效期无法标注“有效期至某年某月”的，可以标注有效期实际期限\n这个说法是错误的。根据规定，药品标签中应当准确标注有效期至具体日期，并不允许使用类似“实际期限”等模糊表述。\n\nC. 对贮藏有特殊要求的药品，应当在标签的醒目位置注明\n这个说法是正确的。对于需要特殊贮藏条件的药品，其标签上应当清晰地注明贮藏要求，以确保患者正确保存和使用。\n\nD. 药品内标签至少应当标注药品通用名称、产品批号和有效期\n这个说法是正确的。药品内部标签至少应当包含通用名称、产品批号和有效期等重要信息。\n\n综上所述，根据题目要求选择错误说法，则选项B为错误选项。\n因此，在关于药品标签、说明书管理方面，错误的说法是：B. 由于包装尺寸或者技术设备等原因，标签中的有效期无法标注“有效期至某年某月”的，可以标注有效期实际期限。",
        "question_type": "最佳选择题",
        "groundtruth": "D",
        "model_choice": "B"
    },
    {
        "id": 12,
        "query": "\n你是一个药剂师考试能手，每次都考100分，这道题对你来说不在话下，深呼吸，并一步一步思考，并给出正确的答案。\n下面是一道配伍选择题，请先详细分析问题，最后给出选项。\n51. 患者，⼥，28岁，已婚未育，因阴道分泌物增多伴瘙痒5天就诊。妇科检查见阴道内⼤量黄绿⾊泡沫样分泌物，有臭味，分泌物镜检见滴⾍。宜选⽤的药物是（）。\nA. 酮康唑乳膏\nB. 甲硝唑栓\nC. 雌三醇乳膏\nD. 硝酸咪康唑栓\nE. 氯康唑胶囊\n",
        "model_answer": "首先，根据患者的症状描述和妇科检查结果，可以初步判断患者可能患有念珠菌性阴道炎。念珠菌性阴道炎是一种常见的阴道感染，主要由念珠菌引起，常见症状包括阴道分泌物增多、黄绿色泡沫样分泌物、臭味、瘙痒等。\n\n在这种情况下，宜选用抗真菌药物来治疗。根据选项中提供的药物，可以排除雌三醇乳膏（C）这个选项，因为雌三醇乳膏主要用于局部雌激素缺乏引起的阴道干涩等情况，并不适合治疗念珠菌性阴道炎。\n\n接下来需要考虑其余四个选项：\nA. 酮康唑乳膏\nB. 甲硝唑栓\nD. 硝酸咪康唑栓\nE. 氯康唑胶囊\n\n从这四个选项中，酮康唑（A）、硝酸咪康唑（D）和氯康唑（E）都是抗真菌药物，可用于治疗念珠菌性阴道炎。而甲硝唑（B）则主要用于治疗滴虫性阴道炎。\n\n综上所述，在这种情况下，最适合选择的药物是A. 酮康唑乳膏。因此正确答案是 A. 酮康唑乳膏。",
        "question_type": "配伍选择题",
        "groundtruth": "B",
        "model_choice": "A"
    },
    {
        "id": 13,
        "query": "\n你是一个药剂师考试能手，每次都考100分，这道题对你来说不在话下，深呼吸，并一步一步思考，并给出正确的答案。\n下面是一道配伍选择题，请先详细分析问题，最后给出选项。\n62. 药品质量标准中属于药物特性检查的项⽬是（）。\nA. 氯化物\nB. 细菌内毒素\nC. 有关物质\nD. 结晶性\nE. 熔点\n",
        "model_answer": "首先，药品质量标准中的药物特性检查是指对药品本身的特性进行检查，以确保其符合规定的标准。在这道题中，我们需要从选项中选择属于药物特性检查的项目。\n\nA. 氯化物：氯化物通常是一种杂质成分，在药品质量标准中可能会有相关限制或要求，但它更多地被归类为杂质检查而非药物特性检查。\n\nB. 细菌内毒素：细菌内毒素是一种严重的污染物质，通常在注射剂等产品中进行检测，但也更多地被归类为微生物限度试验而非药物特性检查。\n\nC. 有关物质：这个选项比较笼统，并不明确指向具体的药物特性检查项目。\n\nD. 结晶性：结晶性是指药品是否呈现出结晶状态，这与其纯度和稳定性相关，可以作为药物特性之一进行检查。\n\nE. 熔点：熔点是指固体化学物质从固态到液态转变时所需升温至达到融化状态的温度。熔点也可以作为一个重要的药品特性来进行监测和验证。\n\n综上所述，正确答案应该是 D. 结晶性 和 E. 熔点。因此正确答案为 D. 结晶性 和 E. 熔点。",
        "question_type": "配伍选择题",
        "groundtruth": "D",
        "model_choice": "E"
    },
    {
        "id": 14,
        "query": "\n你是一个药剂师考试能手，每次都考100分，这道题对你来说不在话下，深呼吸，并一步一步思考，并给出正确的答案。\n下面是一道最佳选择题，请先详细分析问题，最后给出选项。\n1. 为配制有效氯浓度为500mg/L的消毒剂10L，需要次氯酸钠溶液（有效氯浓度为6.0%）和纯化⽔的量分别是（）。\nA. 83mL和9917mL\nB. 830mL和9170mL\nC. 120mL和9880mL\nD. 150mL和9850mL\nE. 500mL和9500mL\n",
        "model_answer": "首先，我们需要计算出次氯酸钠溶液中实际含有的有效氯量。次氯酸钠（NaClO）在水中可以分解成次氯酸（HOCl）和氢氧化钠（NaOH），其中HOCl是消毒的活性物质。\n\n根据题目给出的信息，有效氯浓度为6.0%，即每100g 次氯酸钠中含有6g 的次氯酸。\n\n所以10L 的次氯酸钠溶液中含有 10L * 1000mL/L * 6% = 600mL 的次氯酸。\n\n接下来，我们需要计算用纯化水稀释这600mL 次氯酸到500mg/L 浓度所需的体积。\n\n假设用x mL 纯化水稀释，则次氯酸总体积为600mL + x mL。根据稀释公式：初始浓度 * 初始体积 = 最终浓度 * 最终体积\n\n6% * 600mL = 500mg/L * (600mL + x mL)\n\n解方程可得 x ≈ 9917mL\n\n因此，答案为 A. 83mL 和 9917mL",
        "question_type": "最佳选择题",
        "groundtruth": "B",
        "model_choice": "A"
    },
    {
        "id": 17,
        "query": "\n你是一个药剂师考试能手，每次都考100分，这道题对你来说不在话下，深呼吸，并一步一步思考，并给出正确的答案。\n下面是一道多项选择题，请先详细分析问题，最后给出选项。\n117. 药物代谢是机体对药物的处置过程，下列关于药物代谢的说法，正确的有（）。\nA. ⾮甾体抗炎药舒林酸结构中的甲基亚砜，经还原后的代谢物才具有活性\nB. 抗抑郁药丙⽶嗪结构中的⼆甲胺⽚段，经N-脱甲基后的代谢物失去活性\nC. 驱⾍药阿苯达唑结构中的丙硫醚，经S-氧化后的代谢物才具有活性\nD. 抗癫痫药苯妥英钠结构中的⼀个芳环，发⽣氧化代谢后产⽣羟基化的代谢物仍具有活性\nE. 解热镇痛药保泰松结构中的⼀个芳环，发⽣氧化代谢后产⽣羟基化的保泰松仍具有活性\n",
        "model_answer": "首先，药物代谢是指机体对药物进行生物转化的过程，通常包括氧化、还原、水解等反应。药物代谢可以影响药物的活性、毒性以及体内清除速率。\n\n现在我们来分析每个选项：\nA. ⾮甾体抗炎药舒林酸结构中的甲基亚砜，经还原后的代谢物才具有活性 - 这种说法是正确的。有些药物需要经过代谢反应后才能表现出活性。\nB. 抗抑郁药丙⽶嗪结构中的⼆甲胺⽚段，经N-脱甲基后的代谢物失去活性 - 这种说法也是正确的。有些代谢产物可能会导致原始药物失去活性。\nC. 驱⾍药阿苯达唑结构中的丙硫醚，经S-氧化后的代谢物才具有活性 - 这种说法是错误的。通常情况下，S-氧化不会使得代谢产物具有更强或者新的活性。\nD. 抗癫痫药苯妥英钠结构中的⼀个芳环，发⽣氧化代谢后产⽣羟基化的代谢物仍具有活性 - 这种说法是正确的。有时候氧化反应并不会降低药物的活性。\nE. 解热镇痛药保泰松结构中的⼀个芳环，发⽣氧化代谢后产⽣羟基化的保泰松仍具有活性 - 这种说法也是正确的。一些药物在经历特定类型代谢反应后仍然保持其有效成分。\n\n综上所述，在给出选项方面：\n正确答案为 A、B、D 和 E。",
        "question_type": "多项选择题",
        "groundtruth": "ACE",
        "model_choice": "E"
    },
    {
        "id": 19,
        "query": "\n你是一个药剂师考试能手，每次都考100分，这道题对你来说不在话下，深呼吸，并一步一步思考，并给出正确的答案。\n下面是一道最佳选择题，请先详细分析问题，最后给出选项。\n37. 根据医疗器械分类管理规定，下列属于⼆类医疗器械的是（）。\nA. 体温计、⽪肤缝合钉、⽆菌医⽤⼿套\nB. 超声三维系统软件、⾎压计、核磁共振成像设备\nC. 针灸针、听诊器、医⽤防护服\nD. 集液袋、⼿术⼑、睡眠监护系统软件\n",
        "model_answer": "首先，根据医疗器械分类管理规定，医疗器械分为三类：Ⅰ类、Ⅱ类和Ⅲ类。其中，Ⅱ类医疗器械是指对人体直接使用的医疗器械，要求较高的安全性和有效性。\n\n现在我们来看选项中的各个医疗器械：\nA. 体温计、皮肤缝合钉、无菌医用手套\nB. 超声三维系统软件、血压计、核磁共振成像设备\nC. 针灸针、听诊器、医用防护服\nD. 集液袋、手术刀、睡眠监护系统软件\n\n根据题目要求选择属于Ⅱ类医疗器械的选项，我们可以排除掉一些不符合条件的选项：\n- 选项A中的体温计和无菌医用手套通常属于Ⅰ类或者零售级别产品，并非对人体直接使用的高风险设备。\n- 选项C中的针灸针虽然对人体有直接作用，但其风险相对较低，并不符合Ⅱ类医疗器械的定义。\n- 选项D中的集液袋可能属于Ⅰ类或者输液设备等级别产品，并非高风险设备。\n\n因此，在给出正确答案之前，我们可以确定正确答案是：\nB. 超声三维系统软件、血压计、核磁共振成像设备\n\n这些设备都是对人体进行直接使用且具有一定风险性质的医疗器械，符合Ⅱ类医疗器械的定义。",
        "question_type": "最佳选择题",
        "groundtruth": "A",
        "model_choice": "B"
    },
    {
        "id": 21,
        "query": "\n你是一个药剂师考试能手，每次都考100分，这道题对你来说不在话下，深呼吸，并一步一步思考，并给出正确的答案。\n下面是一道最佳选择题，请先详细分析问题，最后给出选项。\n8. 异丙托溴铵制剂处⽅如下。处⽅中枸橼酸⽤作（）。 【处⽅】 异丙托溴铵0.374g，⽆⽔⼄醇150g； HFA-134a844.6g，枸橼酸0.04g； 蒸馏⽔5.0g。\nA. 潜溶剂\nB. 防腐剂\nC. 助溶剂\nD. 抛射剂\nE. pH调节剂\n",
        "model_answer": "首先，我们需要了解处方中各个成分的作用，然后再根据这些作用来判断枸橼酸在这个制剂中的作用。\n\n- 异丙托溴铵：主要药物成分，可能是治疗某种疾病或提供特定的药效。\n- 无水乙醇：溶剂，帮助将其他成分混合在一起。\n- HFA-134a：推进剂，用于将药物喷出。\n- 枸橼酸：通常被用作某些制剂的辅助成分，可以有多种功能。\n\n根据以上信息，在这个配方中，枸橼酸很可能是扮演以下角色之一：\nA. 潜溶剂 - 增加其他成分的溶解度\nB. 防腐剂 - 延长制剂的保质期\nC. 助溶剂 - 帮助其他成分混合均匀\nD. 抛射剂 - 促使药物从喷雾器中喷出\nE. pH调节剂 - 调节制剂的pH值\n\n综上所述，在这个配方中，枸橼酸最有可能是作为\"助溶剂\"使用。因此正确选项应该是：\n\nC. 助溶剂",
        "question_type": "最佳选择题",
        "groundtruth": "E",
        "model_choice": "C"
    },
    {
        "id": 24,
        "query": "\n你是一个药剂师考试能手，每次都考100分，这道题对你来说不在话下，深呼吸，并一步一步思考，并给出正确的答案。\n下面是一道配伍选择题，请先详细分析问题，最后给出选项。\n63. 表⽰药物在体内波动程度的参数是（）。\nA. Cmax\nB. DE\nC. MRT\nD. AUMC\nE. AUC\n",
        "model_answer": "首先，这道题考察的是药物在体内波动程度的参数。让我们逐个选项进行分析：\n\nA. Cmax：Cmax表示药物在体内浓度达到最高峰值的时间点或者浓度值，它反映了药物在体内的吸收速度和峰值浓度大小，并不直接表征药物在体内波动程度。\n\nB. DE：DE并非一个常见的描述药物波动程度的参数，因此不太可能是正确答案。\n\nC. MRT：MRT代表平均滞留时间（Mean Residence Time），是指药物分子从体内消失前平均停留在机体中的时间。虽然MRT与药物在体内分布有关，但并不是专门用来描述波动程度的参数。\n\nD. AUMC：AUMC代表面积下曲线下面积（Area under the moment curve），它衡量了药物在机体中存在时间与其浓度之间的关系。虽然AUMC也涉及到药物在体内的变化过程，但并不是主要用来描述波动程度。\n\nE. AUC：AUC代表面积下曲线（Area under the curve），通常被用来评估给定剂量下血液中药物浓度随时间变化情况。AUC反映了整个给定剂量下血液中药物浓度随时间变化情况，包括吸收、分布、代谢和排泄等过程。因此，在这些选项中，AUC更符合描述“药物在体内波动程度”的含义。\n\n综上所述，正确答案为 E. AUC。",
        "question_type": "配伍选择题",
        "groundtruth": "A",
        "model_choice": "C"
    },
    {
        "id": 28,
        "query": "\n你是一个药剂师考试能手，每次都考100分，这道题对你来说不在话下，深呼吸，并一步一步思考，并给出正确的答案。\n下面是一道多项选择题，请先详细分析问题，最后给出选项。\n116. 关于药物临床试验的说法，正确的有（）。\nA. Ⅲ期临床试验是治疗作⽤确证阶段\nB. Ⅳ期临床试验是新药上市前的应⽤研究阶段\nC. Ⅰ期临床试验是初步的临床药理学及⼈体安全性评价试验\nD. Ⅱ期临床试验是治疗作⽤初步评价阶段\n",
        "model_answer": "首先，我们需要了解药物临床试验的不同阶段：\n\nⅠ期临床试验：主要评价药物在人体内的代谢、毒性和耐受性等特性。\n\nⅡ期临床试验：主要评价药物的有效性和安全性，确定最佳剂量范围。\n\nⅢ期临床试验：通过大规模研究验证药物的疗效和安全性，为新药上市提供数据支持。\n\nⅣ期临床试验：新药上市后进行的监测研究，关注长期使用中可能出现的问题。\n\n根据以上知识，我们来分析每个选项：\n\nA. Ⅲ期临床试验是治疗作用确证阶段 - 正确。Ⅲ期临床试验是为了验证治疗作用而进行的大规模研究。\n\nB. Ⅳ期临床试验是新药上市前的应用研究阶段 - 错误。Ⅳ期临床试验是新药上市后进行的监测研究。\n\nC. Ⅰ期临床试验是初步的临床药理学及人体安全性评价试验 - 正确。Ⅰ期临床试验主要评价药物在人体内的代谢、毒性和耐受性等特性。\n\nD. Ⅱ期临床试验是治疗作用初步评价阶段 - 错误。Ⅱ期临床试验主要评价药物的有效性和安全性，确定最佳剂量范围。\n\n综上所述，正确答案是 A 和 C。",
        "question_type": "多项选择题",
        "groundtruth": "ACD",
        "model_choice": "C"
    },
    {
        "id": 35,
        "query": "\n你是一个药剂师考试能手，每次都考100分，这道题对你来说不在话下，深呼吸，并一步一步思考，并给出正确的答案。\n下面是一道配伍选择题，请先详细分析问题，最后给出选项。\n47. 根据《中共中央国务院关于深化医疗保障制度改⾰的意见》，⼒争到2030年全⾯建成多层次医疗保障制度体系，多层次医疗保障制度体系中发挥托底作⽤的是（）。\nA. 补充医疗保险\nB. 医疗互助\nC. 医疗救助\nD. 基本医疗保险\n",
        "model_answer": "首先，根据题目给出的信息，《中共中央国务院关于深化医疗保障制度改革的意见》力争到2030年全面建成多层次医疗保障制度体系。在这个多层次医疗保障制度体系中，发挥托底作用的是什么？\n\nA. 补充医疗保险：补充医疗保险通常是指对基本医疗保险进行补充，提供更广泛、更高水平的医疗服务。它并不一定是托底作用的主要来源。\n\nB. 医疗互助：医疗互助是指群体内部相互帮助、共担风险的方式，通常通过集资或者团体组织来实现。虽然可以在一定程度上提供帮助，但可能并不具备托底作用。\n\nC. 医疗救助：医疗救助是指为了解决因突发事件导致无法支付高额医药费用而设立的救济机制。它通常针对特定群体或者特殊情况，并不能完全覆盖整个社会。\n\nD. 基本医疗保险：基本医疗保险是构建多层次医疗保障制度体系中最基础也最重要的一环，其目标是覆盖全民并提供基本的健康服务。因此，基本医疗保险往往被认为具有托底作用，能够确保人民获得必要的健康服务。\n\n综上分析可知，在多层次医疗保障制度体系中发挥托底作用的选项应该是：D. 基本医疗保险\n\n因此正确答案为 D. 基本医疗保险。",
        "question_type": "配伍选择题",
        "groundtruth": "C",
        "model_choice": "D"
    },
    {
        "id": 39,
        "query": "\n你是一个药剂师考试能手，每次都考100分，这道题对你来说不在话下，深呼吸，并一步一步思考，并给出正确的答案。\n下面是一道多项选择题，请先详细分析问题，最后给出选项。\n111. 据执业药师注册管理的相关规定，取得执业药师职业资格证书并经注册后⽅可执业，下列属于执业单位的有（）。\nA. 药品连锁企业总部\nB. 药品检验机构\nC. 药品批发企业\nD. 医疗机构\n",
        "model_answer": "首先，根据题目的描述，执业药师需要取得执业药师职业资格证书并经注册后方可执业。接着看选项：\n\nA. 药品连锁企业总部 - 药品连锁企业通常是销售和分发药品的机构，并不直接涉及药物的配制或者处方审核等专业工作，因此通常不需要执业药师。\n\nB. 药品检验机构 - 这类机构主要从事对药品进行质量检验和监测的工作，也不涉及直接提供给患者的服务，因此一般也不需要执业药师。\n\nC. 药品批发企业 - 药品批发企业主要是向医疗机构、零售药店等提供大宗的药品供应，并不直接面对患者提供用药建议等服务，因此一般也不需要执业药师。\n\nD. 医疗机构 - 医疗机构包括各种类型的医院、诊所等，在这些地方会有临床用药和患者用药管理等工作，这些工作通常需要有合格的执业药师来负责。因此，在医疗机构中往往会有执业药师从事相关工作。\n\n综上所述，属于执业单位的是：D. 医疗机构。",
        "question_type": "多项选择题",
        "groundtruth": "ACD",
        "model_choice": "D"
    },
    {
        "id": 43,
        "query": "\n你是一个药剂师考试能手，每次都考100分，这道题对你来说不在话下，深呼吸，并一步一步思考，并给出正确的答案。\n下面是一道配伍选择题，请先详细分析问题，最后给出选项。\n84. 中毒解救需灌肠时，宜选⽤的灌肠液是（）。\nA. 硫酸镁溶液\nB. 淀粉溶液\nC. 植物油\nD. ⾼锰酸钾溶液（1:5000～1:10000）\nE. 1%肥皂⽔\n",
        "model_answer": "首先，中毒解救需要进行灌肠时，目的是通过灌入特定液体来促使排泄毒素。在选择灌肠液时，需要考虑到液体的作用和适用情况。\n\nA. 硫酸镁溶液：硫酸镁溶液常用于清洁肠道、促进排便，并不是专门用于中毒解救的灌肠液。\nB. 淀粉溶液：淀粉溶液通常用于制备药物或其他化学试剂，不适合作为中毒解救的灌肠液。\nC. 植物油：植物油可以在某些特定情况下使用作为灌肠剂，但并非所有类型的中毒都适合使用植物油。\nD. 高锰酸钾溶液（1:5000～1:10000）：高锰酸钾具有氧化性质，在一些特定中毒情况下可以起到解毒作用，但并非所有类型的中毒都适合使用高锰酸钾。\nE. 1%肥皂水：一般情况下，肥皂水并不被推荐作为中毒解救的灌肠液。\n\n综上所述，对于这道题目，“中毒解救需灌肠时宜选用的灌肠液”应该选择D. 高锰酸钾溶液（1:5000～1:10000）。",
        "question_type": "配伍选择题",
        "groundtruth": "E",
        "model_choice": "D"
    },
    {
        "id": 44,
        "query": "\n你是一个药剂师考试能手，每次都考100分，这道题对你来说不在话下，深呼吸，并一步一步思考，并给出正确的答案。\n下面是一道最佳选择题，请先详细分析问题，最后给出选项。\n13. 两药同时使⽤时，⼀个药物可通过诱导体内⽣化反应⽽使另⼀个药物的药效降低。下列药物同时使⽤时，会发⽣这种相互作⽤的是（）。\nA. β受体阻断药阿替洛尔与利尿药氢氯噻嗪\nB. 抗痛风药丙磺舒与青霉素\nC. 解热镇痛药阿司匹林与对⼄酰氨基酚\nD. 抗菌药磺胺甲与甲氧苄啶\nE. 抗癫痫药苯巴⽐妥与避孕药\n",
        "model_answer": "首先，这道题考察的是药物相互作用的知识。在药理学中，药物之间会发生多种相互作用，其中包括诱导体内生化反应而使另一个药物的药效降低。\n\n对于给出的选项：\nA. β受体阻断药阿替洛尔与利尿药氢氯噻嗪 - 这两种药物并不会通过诱导体内生化反应而使另一个药物的药效降低。\nB. 抗痛风药丙磺舒与青霉素 - 这两种药物也没有描述到通过诱导体内生化反应而使另一个药物的药效降低。\nC. 解热镇痛药阿司匹林与对乙酰氨基酚 - 这两种药物通常不会产生上述描述的相互作用。\nD. 抗菌药磺胺甲与甲氧苄啶 - 磺胺甲是一种抗菌剂，可以通过影响细菌合成代谢产生抑制作用；而甲氧苄啶则是一种消化系统解热止痛剂。这两者同时使用时可能会发生相互作用，并使其中一方的效果降低。\nE. 抗癫痫药苯巴比妥与避孕药 - 这两种类型完全不同的药物也不太可能发生此类相互作用。\n\n因此，正确答案为：D. 抗菌药磺胺甲与甲氧苄啶",
        "question_type": "最佳选择题",
        "groundtruth": "E",
        "model_choice": "D"
    },
    {
        "id": 46,
        "query": "\n你是一个药剂师考试能手，每次都考100分，这道题对你来说不在话下，深呼吸，并一步一步思考，并给出正确的答案。\n下面是一道配伍选择题，请先详细分析问题，最后给出选项。\n42. 根据《药品经营质量管理规范》，测量范围在－25℃～0℃之间的温湿度监测系统，测量设备的温度最⼤允许误差为（）。\nA. ±2.0℃\nB. ±0.5℃\nC. ±0.1℃\nD. ±1.0℃\n",
        "model_answer": "首先，根据题目要求，我们需要确定测量范围在-25℃～0℃之间的温湿度监测系统，测量设备的温度最大允许误差是多少。\n\n根据药品经营质量管理规范，对于温度测量设备的最大允许误差通常是根据测量范围来确定的。一般来说，对于这个范围内的温度测量设备，误差应该尽可能小以确保准确性。\n\n在这道题中，我们知道测量范围是-25℃至0℃之间。因此，在这个较小的范围内，需要选择一个较小的最大允许误差值。\n\n选项中给出了四个选项：A. ±2.0℃、B. ±0.5℃、C. ±0.1℃、D. ±1.0℃\n\n考虑到我们希望保证准确性，并且涉及到药品质量和安全性，因此最佳选择应该是一个较小的误差值。在这里，±0.1℃ 是最适合的选项。因为在这种相对较小的温度范围内，±0.1℃ 的误差可以提供更高的精确度和可靠性。\n\n所以正确答案是：\nC. ±0.1℃",
        "question_type": "配伍选择题",
        "groundtruth": "D",
        "model_choice": "C"
    },
    {
        "id": 47,
        "query": "\n你是一个药剂师考试能手，每次都考100分，这道题对你来说不在话下，深呼吸，并一步一步思考，并给出正确的答案。\n下面是一道多项选择题，请先详细分析问题，最后给出选项。\n120. 审⽅时要关注中西药联⽤的情况，下列药品中含有西药成分的有（）。\nA. ⿐炎康⽚\nB. 珍菊降压⽚\nC. 防风通圣丸\nD. 蛇胆川贝液\nE. 消渴丸\n",
        "model_answer": "首先，题目要求我们找出含有西药成分的药品。通常情况下，中药和西药是有区别的，中药主要来源于天然植物、动物等，而西药则是人工合成或者经过化学处理得到的药物。\n\n根据常识和对药品的了解：\nA. ⿐炎康⽚ - 一般认为是纯中药制剂\nB. 珍菊降压⽚ - 含有珍菊花、地龙等中草药成分\nC. 防风通圣丸 - 传统中医方剂，主要由多种中草药组成\nD. 蛇胆川贝液 - 中成药，含有蛇胆粉、川贝母等成分\nE. 消渴丸 - 传统中医方剂\n\n通过上述分析可知，只有选项D蛇胆川贝液含有西药成分。因此正确选项为：D. 蛇胆川贝液",
        "question_type": "多项选择题",
        "groundtruth": "ABE",
        "model_choice": "D"
    },
    {
        "id": 48,
        "query": "\n你是一个药剂师考试能手，每次都考100分，这道题对你来说不在话下，深呼吸，并一步一步思考，并给出正确的答案。\n下面是一道配伍选择题，请先详细分析问题，最后给出选项。\n85. 根据《国家药品监督管理局职能配置、内设机构和⼈员编制规定》及其有关规定，负责执业药师管理信息系统的建设、管理和维护的是（）。\nA. 国家药品监督管理局⾼级研修学院\nB. 国家药品监督管理局执业药师资格认证中⼼\nC. 国家药典委员会\nD. 国家药品监督管理局信息中⼼\n",
        "model_answer": "首先，我们要理解这道题的考点是关于负责执业药师管理信息系统的建设、管理和维护。根据《国家药品监督管理局职能配置、内设机构和⼈员编制规定》，我们需要找到负责这项工作的具体部门或机构。\n\nA. 国家药品监督管理局⾼级研修学院：通常高级研修学院主要是用于培训和教育，并不涉及信息系统的建设、管理和维护。\n\nB. 国家药品监督管理局执业药师资格认证中⼼：执业药师资格认证中心可能与执业药师相关，但并非专门负责管理信息系统。\n\nC. 国家药典委员会：国家药典委员会主要负责编纂和发布国家药典，与信息系统建设、管理和维护无直接关系。\n\nD. 国家药品监督管理局信息中⼼：根据问题描述，最符合条件的选项应该是国家药品监督管理局信息中心，因为信息中心通常负责处理各类信息系统的建设、管理和维护工作。\n\n因此，正确答案是 D. 国家药品监督管理局信息中⼼。",
        "question_type": "配伍选择题",
        "groundtruth": "B",
        "model_choice": "D"
    },
    {
        "id": 49,
        "query": "\n你是一个药剂师考试能手，每次都考100分，这道题对你来说不在话下，深呼吸，并一步一步思考，并给出正确的答案。\n下面是一道综合分析选择题，请先详细分析问题，最后给出选项。\n题干：为规范药品零售环节经营⾏为，某地药品监督管理部门对辖区内药品零售企业开展监督检查。检查发现： （1）甲药品零售企业涉嫌从⾮法渠道购进药品，部分批号的阿卡波糖⽚不能提供购进发票，且经追测码查询，供货单位系某医疗机构：涉嫌违规经营⽶⾮司酮⽚。 （2）⼄药品零售企业屡次绕开计算机系统销售过期的盐酸⼆甲双胍缓释⽚、⼆甲双胍格列本脲胶囊等药品：计算机系统中有多条超数量销售含⿇黄碱类复⽅制剂的销售记录，其中最多⼀次销售了50盒，企业留存了本次销售的处⽅。\n109. 针对⼄违规销售含⿇黄碱类复⽅制剂的⾏为，下列检查结论错误的是（）。\nA. ⼄的计算机系统未有效拦截含特殊药品复⽅制剂超数量销售\nB. ⼄配备的执业药师未严格履⾏处⽅审核职责\nC. ⼄涉嫌将含⿇黄碱类复⽅制剂流⼊⾮法渠道\nD. ⼄未对违规超量售出含⿇黄碱类复⽅制剂发起药品追回\n",
        "model_answer": "首先，我们需要分析题干中提到的两个违规行为：（1）从非法渠道购进药品，并涉嫌违规经营非司酮片；（2）销售过期或超量的含特殊药品复方制剂。\n\n针对第一个违规行为，企业应该避免从非法渠道购进药品，并且必须提供购进发票。如果供货单位是医疗机构，那么涉嫌违规经营非司酮片的问题也需要被关注和处理。\n\n针对第二个违规行为，企业屡次绕开计算机系统销售过期或超量的含特殊药品复方制剂。在这种情况下，合理的监管措施应包括：计算机系统应有效拦截含特殊药品复方制剂超数量销售；执业药师应严格履行处方审核职责以确保合理用药；防止含特殊药品流入非法渠道；并对违规超量售出进行及时追回。\n\n根据上述分析，选项C“⼄涉嫌将含⿇黄碱类复⽅制剂流⼊⾮法渠道”与题干描述不符合实际情况，因此错误的检查结论是C。",
        "question_type": "综合分析选择题",
        "groundtruth": "D",
        "model_choice": "C"
    },
    {
        "id": 53,
        "query": "\n你是一个药剂师考试能手，每次都考100分，这道题对你来说不在话下，深呼吸，并一步一步思考，并给出正确的答案。\n下面是一道配伍选择题，请先详细分析问题，最后给出选项。\n57. 根据《药品经营质量管理规范》及其有关附录⽂件，属于保温箱特有的验证项⽬是（）。\nA. 测点终端安装数量及位置确认\nB. 测点终端参数与数据联动传输确认\nC. 运输最长时限验证\nD. 极端温度保温性能验证\n",
        "model_answer": "首先，根据《药品经营质量管理规范》的相关要求，保温箱在药品运输和储存过程中起到非常重要的作用，因此需要进行验证以确保其性能符合要求。\n\nA. 测点终端安装数量及位置确认：这是对保温箱内部测温点的安装位置和数量进行确认，确保可以准确监测温度变化。\n\nB. 测点终端参数与数据联动传输确认：这是验证测温点的参数设置是否正确，并且数据能够准确传输至监控系统或记录仪器。\n\nC. 运输最长时限验证：这个选项通常涉及到对保温箱在实际运输中所能够维持的稳定温度时限进行验证，以确保药品在运输过程中不受影响。\n\nD. 极端温度保温性能验证：这个选项指的是对保温箱在极端环境条件下（如高温或低温）所能提供的保温效果进行验证，以确保药品不会受到损坏。\n\n综上分析可知，属于保温箱特有的验证项目应为：\nD. 极端温度保温性能验证\n\n因此正确答案为 D. 极端温度保温性能验证。",
        "question_type": "配伍选择题",
        "groundtruth": "C",
        "model_choice": "D"
    },
    {
        "id": 55,
        "query": "\n你是一个药剂师考试能手，每次都考100分，这道题对你来说不在话下，深呼吸，并一步一步思考，并给出正确的答案。\n下面是一道最佳选择题，请先详细分析问题，最后给出选项。\n7. 关于环磷酰胺（化学结构如下）结构特点和应⽤的说法，错误的是（）。\nA. 环磷酰胺属于前药\nB. 磷酰基的引⼊使毒性升⾼\nC. 正常细胞内可转化为⽆毒代谢产物\nD. 属于氮芥类药物\nE. 临床⽤于抗肿瘤\n",
        "model_answer": "首先，我们来看一下环磷酰胺的化学结构。环磷酰胺是一种含有磷酰基的化合物，通常用于抗肿瘤治疗。\n\n现在我们逐个分析每个说法：\n\nA. 环磷酰胺属于前药 - 正确。环磷酰胺是一种前药，需要在体内经过代谢才能转化为活性形式。\n\nB. 磷酰基的引入使毒性升高 - 正确。磷酰基的引入会增加化合物的毒性。\n\nC. 正常细胞内可转化为无毒代谢产物 - 错误。虽然环磷酰胺可以被代谢成较为无毒的代谢产物，但并不完全是无毒的。\n\nD. 属于氮芥类药物 - 错误。环磷酰胺并不属于氮芥类药物，它属于硝基脲类抗肿瘤药物。\n\nE. 临床用于抗肿瘤 - 正确。环磷酰胺在临床上主要用于抗肿瘤治疗。\n\n因此，错误的说法是：C. 正常细胞内可转化为无毒代谢产物\n\n选项：C",
        "question_type": "最佳选择题",
        "groundtruth": "B",
        "model_choice": "C"
    },
    {
        "id": 56,
        "query": "\n你是一个药剂师考试能手，每次都考100分，这道题对你来说不在话下，深呼吸，并一步一步思考，并给出正确的答案。\n下面是一道最佳选择题，请先详细分析问题，最后给出选项。\n25. 下列符合化妆品管理要求的是（）。\nA. 特殊化妆品需经省级以上药品监督管理部门注册后⽅可⽣产、进⼜和经营\nB. 国产普通化妆品在上市销售后，向所在地省级药品监督管理部门备案\nC. 国家按照风险程度对化妆品、化妆品原料实⾏分类管理\nD. 已经注册的特殊化妆品在⽣产⼯艺、功效宣称等⽅⾯发⽣任何变化，注册⼈均应当向原注册部门申请变更注册\n",
        "model_answer": "首先，我们需要了解化妆品管理的相关规定。\n\nA. 特殊化妆品需经省级以上药品监督管理部门注册后才能生产、进出和经营 - 正确。特殊化妆品属于高风险产品，需要注册后方可生产和销售。\n\nB. 国产普通化妆品在上市销售后，向所在地省级药品监督管理部门备案 - 错误。国产普通化妆品需要在上市前备案而不是销售后。\n\nC. 国家按照风险程度对化妆品、化妆品原料实行分类管理 - 正确。根据风险程度的不同进行分类管理是常见的做法。\n\nD. 已经注册的特殊化妆品在生产工艺、功效宣称等方面发生任何变化，注册人均应当向原注册部门申请变更注册 - 正确。任何变更都需要重新进行注册以确保产品安全性。\n\n综上所述，符合化妆品管理要求的选项为：A. 特殊化妆品需经省级以上药品监督管理部门注册后才能生产、进出和经营。",
        "question_type": "最佳选择题",
        "groundtruth": "C",
        "model_choice": "A"
    },
    {
        "id": 57,
        "query": "\n你是一个药剂师考试能手，每次都考100分，这道题对你来说不在话下，深呼吸，并一步一步思考，并给出正确的答案。\n下面是一道最佳选择题，请先详细分析问题，最后给出选项。\n4. 抗哮喘药沙丁胺醇的化学结构式如下，其化学⾻架属于（）。\nA. 芳基丙酸类\nB. 芳氧丙醇胺类\nC. ⼆氢吡啶类\nD. 苯⼆氮卓类\nE. 苯⼄醇胺类\n",
        "model_answer": "首先，题目给出了抗哮喘药沙丁胺醇的化学结构式，我们需要根据这个结构式来判断其所属的化学⾻架类别。\n\n沙丁胺醇的结构式中含有一个芳香环（苯环）和一个氧原子。根据这些特征，我们可以进行如下分析：\n\nA. 芳基丙酸类：不符合，因为沙丁胺醇并不含有丙酸基团。\nB. 芳氧丙醇胺类：符合，因为沙丁胺醇中含有芳香环和氧原子。\nC. ⼆氢吡啶类：不符合，因为沙丁胺醇中没有吡啶环。\nD. 苯⼆氮卓类：不符合，因为沙丁胺醇中没有二氮杂环。\nE. 苯⼄醇胺类：不符合，因为沙丁胺醇中没有羟基或胺基。\n\n综上所述，正确选项是 B. 芳氧丙醇胺类。",
        "question_type": "最佳选择题",
        "groundtruth": "E",
        "model_choice": "B"
    },
    {
        "id": 59,
        "query": "\n你是一个药剂师考试能手，每次都考100分，这道题对你来说不在话下，深呼吸，并一步一步思考，并给出正确的答案。\n下面是一道配伍选择题，请先详细分析问题，最后给出选项。\n65. 属于⼄酰胆碱酯酶抑制剂，⽤于改善脑功能及抗记忆障碍的药物是（）。\nA. 尼莫地平\nB. 吡拉西坦\nC. 依达拉奉\nD. 多奈哌齐\nE. 尼麦⾓林\n",
        "model_answer": "首先，这道题目要求我们找出属于乙酰胆碱酯酶抑制剂，用于改善脑功能及抗记忆障碍的药物。乙酰胆碱酯酶抑制剂主要是用来增加乙酰胆碱在神经突触中的浓度，从而促进神经递质传递，对脑功能和记忆有益。\n\n现在我们来看一下选项：\nA. 尼莫地平 - 尼莫地平是一种钙通道阻滞剂，不属于乙酰胆碱酯酶抑制剂。\nB. 吡拉西坦 - 吡拉西坦是一种多巴胺受体激动剂，也不符合题目要求。\nC. 依达拉奉 - 依达拉奉是多巴胺转移酶抑制剂，并非乙酰胆碱酯酶抑制剂。\nD. 多奈哌齐 - 多奈哌齐是一种乙型肾上腺素能受体拮抗剂，并非乙酰胆碱酯酶抑制剂。\nE. 尼马角林 - 尼马角林是一种乙二胺类化合物，也不符合题目要求。\n\n因此，正确答案为：没有符合条件的选项。",
        "question_type": "配伍选择题",
        "groundtruth": "D",
        "model_choice": "E"
    },
    {
        "id": 60,
        "query": "\n你是一个药剂师考试能手，每次都考100分，这道题对你来说不在话下，深呼吸，并一步一步思考，并给出正确的答案。\n下面是一道最佳选择题，请先详细分析问题，最后给出选项。\n18. 某患者上呼吸道感染，⽤氨苄西林治疗⼀周，未见明显好转，后改⽤舒他西林，症状得到改善。关于舒他西林结构和临床使⽤的说法，错误的是（）。\nA. 为⼀种前体药物\nB. 给药后，在体内⾮特定酯酶的作⽤下⽔解成氨苄西林和舒巴坦\nC. 对β-内酰胺醇的稳定性强于氨苄西林\nD. 抗菌效果优于氨苄西林，原因是它在体内⽣成的两种药物都有较强的抗菌活性\nE. 可以⼜服，且⼜服后吸收迅速\n",
        "model_answer": "首先，我们需要了解舒他西林的结构和临床使用情况：\n\n舒他西林是一种前体药物，给药后在体内非特定酯酶的作用下水解成氨苄西林和舒巴坦。舒他西林对β-内酰胺醇的稳定性强于氨苄西林，这使得其抗菌效果优于氨苄西林，因为它在体内生成的两种药物都具有较强的抗菌活性。此外，舒他西林可以口服，并且口服后吸收迅速。\n\n根据以上信息，我们可以分析每个选项：\n\nA. 为⼀种前体药物 - 正确\nB. 给药后，在体内⾮特定酯酶的作⽤下⽔解成氨苄西林和舒巴坦 - 正确\nC. 对β-内酰胺醇的稳定性强于氨苄西林 - 正确\nD. 抗菌效果优于氨苄西林，原因是它在体内⽣成的两种药物都有较强的抗菌活性 - 正确\nE. 可以⼜服，且⼜服后吸收迅速 - 正确\n\n因此，错误的说法应该是：没有错误。\n\n正确答案：没有错误。",
        "question_type": "最佳选择题",
        "groundtruth": "D",
        "model_choice": "E"
    },
    {
        "id": 63,
        "query": "\n你是一个药剂师考试能手，每次都考100分，这道题对你来说不在话下，深呼吸，并一步一步思考，并给出正确的答案。\n下面是一道最佳选择题，请先详细分析问题，最后给出选项。\n33. 患者，⼥，28岁，因痤疮就诊，给予异维A酸胶囊。关于该患者⽤药教育的说法，错误的是（）。\nA. 治疗期间及停药后3个⽉内应做好避孕措施\nB. 治疗期间若发⽣⽪肤黏膜⼲燥，应减量或停药\nC. 不良反应常见，但停药后绝⼤多数可恢复\nD. 治疗最初2个⽉可能导致肝酶异常，必要时检查肝功能\nE. 部分患者⽤药2～4周时出现⼀过性⽪疹加重现象\n",
        "model_answer": "首先，我们需要分析每个选项的内容：\n\nA. 治疗期间及停药后3个月内应做好避孕措施 - 这是正确的建议，因为异维A酸胶囊在治疗期间和停药后可能对胎儿造成影响，所以需要采取避孕措施。\n\nB. 治疗期间若发生皮肤黏膜干燥，应减量或停药 - 这也是正确的建议，因为皮肤黏膜干燥是异维A酸胶囊常见的副作用之一，如果出现严重不适应该及时调整用药。\n\nC. 不良反应常见，但停药后绝大多数可恢复 - 这是正确的说法，大部分患者在停药后会逐渐恢复正常。\n\nD. 治疗最初2个月可能导致肝酶异常，必要时检查肝功能 - 这也是正确的建议，因为异维A酸可能对肝功能产生影响，在治疗初期需要监测患者的肝功能情况。\n\nE. 部分患者用药2～4周时出现一过性皮疹加重现象 - 这也是一个常见的副作用，部分患者在使用异维A酸胶囊初期可能会出现皮疹加重现象。\n\n根据以上分析，错误的说法应该是：C. 不良反应常见，但停药后绝大多数可恢复。因为虽然不良反应比较常见，但并非所有不良反应都可以完全恢复。有些不良反应可能会持续或留下永久性影响。",
        "question_type": "最佳选择题",
        "groundtruth": "B",
        "model_choice": "C"
    },
    {
        "id": 66,
        "query": "\n你是一个药剂师考试能手，每次都考100分，这道题对你来说不在话下，深呼吸，并一步一步思考，并给出正确的答案。\n下面是一道综合分析选择题，请先详细分析问题，最后给出选项。\n题干：患者，男，58岁，有⾼⾎压、冠⼼病、⾼脂⾎症、便秘、⾻关节炎和胃溃疡病史，2年前接受冠脉⽀架植⼊术。近⽇，患者先后在⼼内科、消化科、⾻科就诊，开具药品如下：\n98. 关于该患者药物治疗⽅案的说法，错误的是（）。\nA. 美托洛尔会影响阿司匹林的抗⾎⼩板活性，应停⽤\nB. 阿托伐他汀钙⽤于冠⼼病的治疗，需长期规律⽤药\nC. 如⼤便次数规律（如每⽇1次），聚⼄⼆醇4000散可按需使⽤\nD. 同时使⽤双氯芬酸钠与阿司匹林会增加消化道出⾎风险，两药不宜合⽤\nE. 麝⾹保⼼丸和复⽅丹参⽚均属活⾎剂，选⽤其中⼀种即可\n",
        "model_answer": "首先，我们需要根据患者的病史和目前就诊情况来分析每种药物的使用是否合理。\n\n1. 美托洛尔是一种β受体阻滞剂，常用于治疗高血压和冠心病。但美托洛尔会影响阿司匹林的抗血小板活性，可能减弱阿司匹林的作用，因此在同时使用时需要谨慎监测。所以说法A是正确的。\n\n2. 阿托伐他汀钙是一种降脂药物，常用于治疗高脂血症和冠心病。对于冠心病患者来说，长期规律使用阿托伐他汀钙是必要的以控制血脂水平，所以说法B也是正确的。\n\n3. 聚乙二醇4000散常用于缓解便秘。如果患者有规律排便（如每天1次），可以按需使用聚乙二醇4000散来帮助排便。因此说法C也是合理的。\n\n4. 双氯芬酸钠和阿司匹林都属于非甾体抗炎药物，在同时使用时会增加消化道出血风险。因此这两种药物不宜合并使用，所以说法D也是正确的。\n\n5. 麝香保心丸和复方丹参片都属于活血化淤类中药，通常用于改善微循环、调节心脏功能等。虽然两者都具有类似功效，但并非完全相同，在选择时应根据具体情况进行判断，并不一定只能选用其中一种。因此说法E是错误的。\n\n综上所述，在该患者药物治疗方案中，错误的说法为：E. 麝香保心丸和复方丹参片均属活血剂，选用其中一种即可。\n\n因此答案为：E.",
        "question_type": "综合分析选择题",
        "groundtruth": "A",
        "model_choice": "E"
    },
    {
        "id": 67,
        "query": "\n你是一个药剂师考试能手，每次都考100分，这道题对你来说不在话下，深呼吸，并一步一步思考，并给出正确的答案。\n下面是一道综合分析选择题，请先详细分析问题，最后给出选项。\n题干：甲是药品零售连锁企业所属门店，经营类别：处⽅药、甲类⾮处⽅药、⼄类⾮处⽅药，经营范围：第⼆类精神药品、⽣物制品、化学药、中成药、中药饮⽚。 ⼄是药品零售企业，经营类别：处⽅药、甲类⾮处⽅药、⼄类⾮处⽅药，经营范围：⽣物制品、化学药、中成药。 丙是药品零售企业，经营类别：⼄类⾮处⽅药，经营范围：⽣物制品、化学药、中成药。\n104. 根据处⽅药与⾮处⽅药分类管理规定，结合题⽬提供的信息，下列做法正确的是（）。\nA. 甲在经营场所内开架销售中药饮⽚百合、枸杞⼦\nB. 甲营业期间，⼀⽼⼈⾝体不适欲购买处⽅药速效救⼼丸，经询问发现⽼⼈有冠⼼病史，执业药师在没有处⽅的情况下，依然向其销售了该处⽅药，并建议其⽴即就诊\nC. ⼄建⽴处⽅药销售的处⽅管理制度，要求对售出的处⽅药处⽅进⾏抄录，处⽅原件返还消费者\nD. ⼄的执业药师在凭处⽅向个⼈消费者销售处⽅药时，结合其表状的疾病症状，告知其该处⽅药与另⼀处⽅药联合购买可以享受优惠\n",
        "model_answer": "首先，根据题干提供的信息，我们可以得知甲、乙、丙三家药品零售企业的经营类别和经营范围。然后根据处方药与非处方药分类管理规定，结合题目中提供的信息来判断哪种做法是正确的。\n\nA. 甲在经营场所内开架销售中药饮片百合、枸杞子\n分析：根据题干提供的信息，甲经营类别包括处方药、甲类非处方药和乙类非处方药，而中药饮片属于中成药范畴。因此，在没有特殊规定允许情况下，甲不应该在开架销售中出售中成药。\n\nB. 甲营业期间，一老人身体不适欲购买处方药速效救心丸，经询问发现老人有冠心病史，执业药师在没有处方的情况下，依然向其销售了该处方药，并建议其立即就诊\n分析：根据规定，在没有医生开具处方的情况下不得出售处方药。同时，在这种情况下老人有潜在风险需要尽快就医，因此执业药师向老人建议立即就诊是正确的做法。\n\nC. 乙建立处方药销售的处方管理制度，要求对售出的处方药进行抄录，处方原件返还消费者\n分析：这个做法符合规定要求。对于出售处方药需要记录相关信息并将原件返还给消费者是为了确保用药安全和避免滥用。\n\nD. 乙的执业药师凭借处方向个人消费者销售处方药时，结合其表征的疾病症状告知其该处方药与另一种处方联合购买可以享受优惠\n分析：这个做法可能存在问题。根据规定，在没有医生开具明确指示或理由下不应该随意推广或联合促销含有特殊成分或配伍关系复杂的多种治疗性质产品。\n\n综上所述，在考虑到题目提供信息和相关管理规定后：\n选项B是正确答案。\n",
        "question_type": "综合分析选择题",
        "groundtruth": "A",
        "model_choice": "B"
    },
    {
        "id": 68,
        "query": "\n你是一个药剂师考试能手，每次都考100分，这道题对你来说不在话下，深呼吸，并一步一步思考，并给出正确的答案。\n下面是一道配伍选择题，请先详细分析问题，最后给出选项。\n99. 可被肝药酶CYP2C9和CYP3A4代谢，代谢产物仍具降压活性的ARB类药物是（）。\nA. 福⾟普利\nB. 缬沙坦\nC. 厄贝沙坦\nD. 氯沙坦\nE. 卡托普利\n",
        "model_answer": "首先，这是一道关于ARB（Angiotensin Receptor Blockers）类药物的配伍选择题。ARB类药物常用于治疗高血压等心血管疾病。\n\n根据题干提供的信息可知，该药物能够被肝药酶CYP2C9和CYP3A4代谢，并且其代谢产物仍具有降压活性。因此，正确答案应该是那个在代谢后依然具有降压活性的ARB类药物。\n\n现在我们来逐个分析选项：\nA. 福⾟普利 - 福⾟普利属于ACE抑制剂类药物，不是ARB类药物。\nB. 缬沙坦 - 缬沙坦是一个经过肝脏代谢的ARB类药物，在体内主要通过CYP2C9和CYP3A4酶进行代谢。\nC. 厄贝沙坦 - 厄贝沙坦也是一个常用的ARB类药物，但它主要通过胆汁排泄而非肝脏进行代谢。\nD. 氯沙坦 - 氯沙坦同样属于ARB类药物，但不经由肝脏酶系统进行代谢。\nE. 卡托普利 - 卡托普利是ACE抑制剂类药物，不属于ARB类。\n\n综上所述，符合题目描述的正确答案应为：B. 缬沙坦。",
        "question_type": "配伍选择题",
        "groundtruth": "D",
        "model_choice": "B"
    },
    {
        "id": 69,
        "query": "\n你是一个药剂师考试能手，每次都考100分，这道题对你来说不在话下，深呼吸，并一步一步思考，并给出正确的答案。\n下面是一道配伍选择题，请先详细分析问题，最后给出选项。\n87. 作⽤于⼆肽基肽酶4（DPP-4），为嘧啶⼆酮衍⽣物，适⽤于治疗2型糖尿病的药物是（）。\nA. 阿格列汀\nB. 罗格列酮\nC. 达格列净\nD. 格列吡嗪\nE. 那格列奈\n",
        "model_answer": "首先，我们知道作用于二肽基肽酶4（DPP-4）的药物是叫做“DPP-4抑制剂”，这类药物可以帮助降低血糖水平，适用于治疗2型糖尿病。\n\n接下来，根据题目描述为嘧啶二酮衍生物的特点来筛选选项：\nA. 阿格列汀 - 不是嘧啶二酮衍生物\nB. 罗格列酮 - 是嘧啶二酮衍生物\nC. 达格列净 - 不是嘧啶二酮衍生物\nD. 格列吡嗪 - 不是嘧啶二酮衍生物\nE. 那格列奈 - 不是嘧啶二酮衍生物\n\n因此，正确答案应该是 B. 罗格列酮。",
        "question_type": "配伍选择题",
        "groundtruth": "A",
        "model_choice": "B"
    },
    {
        "id": 70,
        "query": "\n你是一个药剂师考试能手，每次都考100分，这道题对你来说不在话下，深呼吸，并一步一步思考，并给出正确的答案。\n下面是一道配伍选择题，请先详细分析问题，最后给出选项。\n52. 属于⿇醉药品的是（）。\nA. 氨酚待因⽚\nB. 氨酚氢可酮⽚\nC. 氢可酮\nD. 氯胺酮\n",
        "model_answer": "首先，我们需要了解什么是麻醉药品。麻醉药品是指能够使人失去疼痛感觉、意识障碍或者产生类似于睡眠状态的药物。在这道题中，我们要判断哪一种药属于麻醉药品。\n\nA. 氨酚待因片：氨酚待因是一种镇痛药，主要用于缓解头痛、神经痛等疼痛症状，但并非典型的麻醉药品。\n\nB. 氨酚氢可酮片：氨酚氢可酮是一种止咳镇咳药物，对呼吸系统有抑制作用，并不属于典型的麻醉药品。\n\nC. 氢可酮：氢可酮是一种镇静安定类药物，具有镇静、催眠和抗焦虑作用，但并非典型的全身性局部性外周性局部性全身性局部性外周性局部性全身性局部性外周性局部性全身\n\nD. 氯胺胂：氯胺胂（俗称“迷幻剂”）是一种致幻剂和精神活跃剂，会引起视幻觉、听幻觉等心理变化，并非常规使用的医学上的合法治疗手段。\n\n综上所述，在给出选项中，“属于⿇ 醉 药 品”的正确答案应该是 D. 氯胺胂。",
        "question_type": "配伍选择题",
        "groundtruth": "C",
        "model_choice": "D"
    },
    {
        "id": 72,
        "query": "\n你是一个药剂师考试能手，每次都考100分，这道题对你来说不在话下，深呼吸，并一步一步思考，并给出正确的答案。\n下面是一道最佳选择题，请先详细分析问题，最后给出选项。\n28. 不属于阿昔洛韦适应证的是（）。\nA. 单纯疱疹\nB. 带状疱疹\nC. 免疫缺陷者⽔痘\nD. 病毒性急性视⽹膜坏死\nE. ⼄型流感\n",
        "model_answer": "首先，阿昔洛韦是一种抗病毒药物，常用于治疗单纯疱疹、带状疱疹、免疫缺陷者水痘和其他与Herpes simplex virus (HSV) 相关的感染。因此，我们需要找出其中不属于阿昔洛韦适应证的选项。\n\nA. 单纯疱疹 - 正确，阿昔洛韦适用于治疗单纯疱疹。\nB. 带状疱疹 - 正确，阿昔洛韦适用于治疗带状疱疹。\nC. 免疫缺陷者水痘 - 正确，阿昔洛韦也可用于治療免役缺陷者患有水泡性皮肤损伤。\nD. 病毒性急性视网膜坏死 - 不正确，这并非阿昔洛韦的适应证。这种情况通常需要其他类型的抗生素或药物进行治療。\nE. 流感 - 不正确，阿昔洛韦不适用于治愈流感。\n\n综上所述，选项 D. 病毒性急性视网膜坏死不属于阿昔洛韦的适应证。",
        "question_type": "最佳选择题",
        "groundtruth": "E",
        "model_choice": "D"
    },
    {
        "id": 75,
        "query": "\n你是一个药剂师考试能手，每次都考100分，这道题对你来说不在话下，深呼吸，并一步一步思考，并给出正确的答案。\n下面是一道多项选择题，请先详细分析问题，最后给出选项。\n113. 关于胃⾷管反流病患者应⽤含铝抗酸药⽤药教育的说法，正确的有（）。\nA. 长期服⽤可能会引起低磷⾎症\nB. 易引起腹泻\nC. 可快速缓解症状，对溃疡愈合⼏乎⽆作⽤\nD. 可增加⼼⾎管事件发⽣风险\nE. 与其他药物合⽤，通常要间隔2⼩时\n",
        "model_answer": "首先，我们要了解胃食管反流病（GERD）是一种常见的消化系统疾病，通常由胃酸逆流到食管引起。含铝抗酸药是一种常用于治疗GERD的药物之一。\n\n现在让我们逐个分析选项：\nA. 长期服用可能会引起低磷血症 - 这是正确的，长期服用含铝抗酸药可能会导致低磷血症。\nB. 易引起腹泻 - 这并不是含铝抗酸药的常见副作用。\nC. 可快速缓解症状，对溃疡愈合几乎无作用 - 这是不准确的描述，含铝抗酸药可以帮助缓解GERD的症状，并有助于溃疡愈合。\nD. 可增加心血管事件发生风险 - 含铝抗酸药通常不会增加心血管事件的风险。\nE. 与其他药物合用，通常要间隔2小时 - 这是正确的，含铝抗酸药通常需要与其他药物相隔2小时以上使用。\n\n综上所述，正确选项为A和E。",
        "question_type": "多项选择题",
        "groundtruth": "ACE",
        "model_choice": "E"
    },
    {
        "id": 76,
        "query": "\n你是一个药剂师考试能手，每次都考100分，这道题对你来说不在话下，深呼吸，并一步一步思考，并给出正确的答案。\n下面是一道配伍选择题，请先详细分析问题，最后给出选项。\n84. 根据《国家药品监督管理局职能配置、内设机构和⼈员编制规定》及其有关规定，负责组织开展执业药师考前培训、继续教育的是（）。\nA. 国家药品监督管理局⾼级研修学院\nB. 国家药品监督管理局执业药师资格认证中⼼\nC. 国家药典委员会\nD. 国家药品监督管理局信息中⼼\n",
        "model_answer": "首先，这道题考察的是负责组织开展执业药师考前培训、继续教育的机构是哪个。根据《国家药品监督管理局职能配置、内设机构和⼈员编制规定》，我们需要找到一个与教育相关并且直接涉及到执业药师考试培训的机构。\n\nA. 国家药品监督管理局⾼级研修学院 - 这个选项提到了一个研修学院，但并没有明确指出其职责包括执业药师考前培训和继续教育。\n\nB. 国家药品监督管理局执业药师资格认证中⼼ - 这个选项看起来更符合要求，因为它直接提到了执业药师资格认证中心，可能会负责组织相关的培训和教育活动。\n\nC. 国家药典委员会 - 药典委员会一般主要负责审定国家标准有关医疗保健产品方面的规范性文件，并不涉及具体的培训和教育工作。\n\nD. 国家药品监督管理局信息中⼼ - 信息中心一般主要负责数据收集、整理等工作，并不涉及具体的培训和教育工作。\n\n因此，正确答案应该是：B. 国家药品监督管理局执业药师资格认证中⼦。",
        "question_type": "配伍选择题",
        "groundtruth": "A",
        "model_choice": "B"
    },
    {
        "id": 77,
        "query": "\n你是一个药剂师考试能手，每次都考100分，这道题对你来说不在话下，深呼吸，并一步一步思考，并给出正确的答案。\n下面是一道最佳选择题，请先详细分析问题，最后给出选项。\n95520. 原形⽆效，需经代谢后产⽣活性的药物是（）。\nA. 甲苯磺丁脲\nB. 管萘洛尔\nC. 氯吡格雷\nD. 地西泮\nE. 丙⽶嗪\n",
        "model_answer": "首先，这道题考察的是药物的代谢过程。原形无效指的是药物在体内未经代谢前不具有活性，需要经过代谢后才能产生活性。因此我们要找出哪种药物属于这种情况。\n\nA. 甲苯磺丁脲：甲苯磺丁脲是利尿剂，通常不需要代谢后才能产生活性。\n\nB. 管萘洛尔：管萘洛尔是一种β受体拮抗剂，也不需要代谢后才能产生活性。\n\nC. 氯吡格雷：氯吡格雷是一种抗血小板药物，它本身并不需要代谢后才能发挥作用。\n\nD. 地西泮：地西泮是一种镇静安定药物，在体内会被代谢为活性代谢物。\n\nE. 丙咪嗪：丙咪嗪是一种抗组胺药，通常也不需要经过代谢后才能产生作用。\n\n综上所述，正确答案应该是 D. 地西泮。",
        "question_type": "最佳选择题",
        "groundtruth": "C",
        "model_choice": "D"
    },
    {
        "id": 78,
        "query": "\n你是一个药剂师考试能手，每次都考100分，这道题对你来说不在话下，深呼吸，并一步一步思考，并给出正确的答案。\n下面是一道配伍选择题，请先详细分析问题，最后给出选项。\n50. 患者，男，35岁，近⽇出现⾜趾间⽪肤瘙痒、⽔泡样⽪疹，宜选⽤的药物是（）。\nA. 酮康唑乳膏\nB. 甲硝唑栓\nC. 雌三醇乳膏\nD. 硝酸咪康唑栓\nE. 氯康唑胶囊\n",
        "model_answer": "首先，根据患者的症状描述，出现在趾间的皮肤瘙痒和水泡样皮疹，可以考虑是真菌感染引起的足癣（Athlete's foot）或指甲癣（Nail fungus）。因此，需要选择一种适合治疗真菌感染的药物。\n\nA. 酮康唑乳膏：酮康唑是一种广谱抗真菌药物，常用于治疗真菌感染。适合用于足部真菌感染。\n\nB. 甲硝唑栓：甲硝唑主要用于治疗阴道滴虫感染等细菌感染，并不适合治疗足部真菌感染。\n\nC. 雌三醇乳膏：雌三醇主要用于女性内分泌失调相关问题，并不适合治疗真菌感染。\n\nD. 硝酸咪康唑栓：咪康唑是一种抗真菌药物，常用于治疗念珠菌等真菌感染。适合用于治疗趾间真菌感染。\n\nE. 氯康唑胶囊：氯康唑也是一种抗真菌药物，可用于治疗多种真菌感染。适合用于趾间真菌感染。\n\n综上所述，正确选项应为 A. 酮康唑乳膏 和 E. 氯康唑胶囊。",
        "question_type": "配伍选择题",
        "groundtruth": "A",
        "model_choice": "E"
    },
    {
        "id": 79,
        "query": "\n你是一个药剂师考试能手，每次都考100分，这道题对你来说不在话下，深呼吸，并一步一步思考，并给出正确的答案。\n下面是一道多项选择题，请先详细分析问题，最后给出选项。\n2118. 患者，⼥，65岁。诊断为⾻质疏松症，给予鲑降钙素注射液治疗，⽤药期间需注意的事项有（）。\nA. 应当注意有⽆⽪下和⽛龈出⾎\nB. 必须补充⾜量的钙剂和维⽣素D\nC. 对蛋⽩质过敏者，使⽤前需做⽪肤敏感试验\nD. 可能出现低⾎糖反应\nE. 常出现⾯部潮红的不良反应\n",
        "model_answer": "首先，根据题目提供的信息，患者是一名65岁的女性，诊断为骨质疏松症，正在接受鲑降钙素注射液治疗。我们需要注意在使用这种药物期间可能出现的事项。\n\nA. 应当注意有无皮下和牙龈出血 - 这是一个常见的副作用，与药物的作用机制相关，因此需要密切关注。\n\nB. 必须补充足量的钙剂和维生素D - 鲑降钙素可以影响钙代谢，因此通常会建议同时补充足量的钙剂和维生素D以维持骨骼健康。\n\nC. 对蛋白质过敏者，使用前需做皮肤敏感试验 - 这个选项与鲑降钙素注射液没有直接关联，通常不需要做皮肤敏感试验。\n\nD. 可能出现低血糖反应 - 低血糖反应通常与其他类型的药物（如胰岛素或口服降糖药）有关，与鲑降钙素注射液不太相关。\n\nE. 常出现面部潮红的不良反应 - 面部潮红是一种可能发生的副作用，在使用鲑降钙素时确实可能会出现这种情况。\n\n因此，正确答案是：A. 应当注意有无皮下和牙龈出血；B. 必须补充足量的钙剂和维生素D；E. 常出现面部潮红的不良反应。",
        "question_type": "多项选择题",
        "groundtruth": "BCE",
        "model_choice": "E"
    },
    {
        "id": 80,
        "query": "\n你是一个药剂师考试能手，每次都考100分，这道题对你来说不在话下，深呼吸，并一步一步思考，并给出正确的答案。\n下面是一道最佳选择题，请先详细分析问题，最后给出选项。\n36. 可⼲扰转录过程和阻⽌RNA合成的抗肿瘤药物是（）。\nA. 顺铂\nB. 塞替派\nC. 丝裂霉素\nD. 多柔⽐星\nE. 长春瑞滨\n",
        "model_answer": "首先，这道题考察的是抗肿瘤药物对转录过程和RNA合成的影响。在这些选项中，有些药物主要通过干扰DNA合成或修复来发挥作用，而不是直接干扰转录过程和RNA合成。\n\nA. 顺铂：顺铂主要通过与DNA结合形成交联链断裂来抑制细胞增殖，而非直接干扰转录过程和RNA合成。\n\nB. 塞替派：塞替派属于拓扑异构酶Ⅰ抑制剂，主要通过阻碍DNA超螺旋结构的解除而起到作用，并不是直接干扰转录过程和RNA合成。\n\nC. 丝裂霉素：丝裂霉素是一种蛋白质合成抑制剂，主要通过阻止核糖体上的氨基酸tRNA结合位点来抑制蛋白质合成，不会直接干扰转录过程和RNA合成。\n\nD. 多柔比星：多柔比星属于拓扑异构酶Ⅱ抑制剂，在细胞分裂期间阻止DNA双螺旋的重连，并不会直接影响转录过程和RNA合成。\n\nE. 长春瑞滨：长春瑞滨是一种嘌呤类似物，可与DNA结合并引起链断裂从而阻碍细胞增殖，并不是直接干扰转录过程和RNA合成。\n\n因此，唯一一个可能会干扰转录过程和阻碍RNA合成的抗肿瘤药物是：\n\nA. 顺铂",
        "question_type": "最佳选择题",
        "groundtruth": "D",
        "model_choice": "A"
    },
    {
        "id": 81,
        "query": "\n你是一个药剂师考试能手，每次都考100分，这道题对你来说不在话下，深呼吸，并一步一步思考，并给出正确的答案。\n下面是一道最佳选择题，请先详细分析问题，最后给出选项。\n40. 兼有抑菌作⽤的⿐⽤减充⾎剂是（）。\nA. 呋⿇滴⿐液\nB. 赛洛唑啉滴⿐液\nC. 羟甲唑啉⿐喷剂\nD. ⿇黄碱滴⿐液\nE. 左氧氟沙星滴⿐液\n",
        "model_answer": "首先，我们需要了解每个选项的药物成分和作用。然后，根据题目要求找出兼有抑菌作用的减充血剂。\n\nA. 呋酮滴鼻液 - 呋酮是一种止血药物，主要用于止血和收敛作用，并不具备抑菌作用。\nB. 赛洛唑啉滴鼻液 - 赛洛唑啉是一种抗真菌药物，主要用于治疗真菌感染，具有抗菌作用。\nC. 羟甲唑啉喷剂 - 羟甲唑啉是一种广谱抗生素，常用于治疗细菌感染，具有明显的抗菌作用。\nD. 氨基莽碱滴鼻液 - 氨基莽碱是一种镇静药物，主要用于镇静和舒缓过敏反应，并不具备抑菌作用。\nE. 左氧氟沙星滴鼻液 - 左氧氟沙星是一种广谱抗生素，常用于治疗细菌感染，具有明显的抗菌作用。\n\n因此，在以上选项中，只有C. 羟甲唑啉喷剂具有兼有抑菌作用的减充血剂。",
        "question_type": "最佳选择题",
        "groundtruth": "A",
        "model_choice": "C"
    },
    {
        "id": 85,
        "query": "\n你是一个药剂师考试能手，每次都考100分，这道题对你来说不在话下，深呼吸，并一步一步思考，并给出正确的答案。\n下面是一道综合分析选择题，请先详细分析问题，最后给出选项。\n题干：秦某是⼀所中医药⼤学中医学专业硕⼠毕业⽣，已获得硕⼠学位，在校期间学过中药材知识和栽培技术，具有中药材辨识能⼒。临近毕业时，准备参加执业药师职业资格考试，但因专业⼯作年限不符合报名条件，未能参加考试。 秦某的⽼家在边远⼭区，交通不便，为解决家乡群众看病难题，毕业后主动返乡当村医。平时除给乡邻治病之外，还在⾃家地⾥种植地产中药材。\n95. 根据《中医药法》，关于秦某种植地产中药材的说法，正确的是（）。\nA. 销售给当地的中药饮⽚⽣产企业\nB. 将⾃产中药材加⼯成中药制剂⽅便村民使⽤\nC. 在其开设的诊所中煎汤药给村民治病\nD. 种植仅供⾃⽤的医疗⽤毒性中药材\n",
        "model_answer": "首先，根据题干描述，秦某是一位中医学专业硕士毕业生，具有中药材辨识能力，并且在自家地里种植地产中药材。我们需要根据《中医药法》相关规定来判断关于秦某种植地产中药材的说法是否正确。\n\nA. 销售给当地的中药饮片生产企业 - 这个选项并没有提到秦某将中药材销售给企业的情况，因此不能确定是否符合《中医药法》规定。\n\nB. 将自产中药材加工成中药制剂方便村民使用 - 这个选项提到了将自产的中药材加工成制剂给村民使用，这是符合执业范围内的行为。\n\nC. 在其开设的诊所中煎汤药给村民治病 - 这个选项提到了在诊所里给村民治病，但并没有明确指出是使用自己种植的中药材。因此不确定是否符合规定。\n\nD. 种植仅供自用的医疗用毒性中药材 - 这个选项提到了种植用于自用的医疗用毒性中草，但未必所有种植都是毒性品种。同时，《中医药法》也对于使用和处理毒性物质有相应规定。\n\n综上分析可知，最符合《中医药法》关于秦某种植地产中药材行为的应该是选项 B. 将自产中草加工成制剂方便村民使用。",
        "question_type": "综合分析选择题",
        "groundtruth": "C",
        "model_choice": "B"
    },
    {
        "id": 87,
        "query": "\n你是一个药剂师考试能手，每次都考100分，这道题对你来说不在话下，深呼吸，并一步一步思考，并给出正确的答案。\n下面是一道综合分析选择题，请先详细分析问题，最后给出选项。\n题干：患者，男，53岁，季节性过敏性⿐炎病史5年，3天前，受凉后出现流涕、⿐塞、咳嗽，咳痰，低热，头痛，⽆胸闷、⽓短等其他不适，已在医院发热门诊完成了⿐拭⼦检查，排除了甲型流感和⼄型流感，诊断为普通感冒。\n107. 为缓解该患者的感冒症状，不宜选⽤的药物是（）。\nA. 含伪⿇黄碱的复⽅抗感冒药\nB. 神经氨酸酶抑制剂\nC. ⿐⽤减充⾎剂\nD. 解热镇痛药\nE. 祛痰剂\n",
        "model_answer": "首先，我们需要根据患者的病史和症状来选择合适的药物。患者被诊断为普通感冒，主要症状包括流涕、⿐塞、咳嗽、咳痰、低热和头痛。\n\nA. 含伪⿇黄碱的复⽅抗感冒药：这种药物通常用于缓解感冒引起的鼻塞和流涕等上呼吸道症状，适合该患者的情况。\n\nB. 神经氨酸酶抑制剂：这类药物一般用于治疗其他类型的问题，不太适合用于普通感冒的治疗。\n\nC. ⿐⽤减充⾎剂：这种药物主要用于缓解过敏性鼻窦炎等情况，并非普通感冒的首选治疗方案。\n\nD. 解热镇痛药：可以帮助缓解患者的低热和头痛等不适。\n\nE. 祛痰剂：由于患者有咳嗽和咳痰的情况，祛痰剂也是可以考虑使用的药物之一。\n\n综上所述，对于缓解该患者的感冒症状，不宜选⽤的药物是 C. ⿐⽤减充⾎剂。",
        "question_type": "综合分析选择题",
        "groundtruth": "B",
        "model_choice": "C"
    },
    {
        "id": 88,
        "query": "\n你是一个药剂师考试能手，每次都考100分，这道题对你来说不在话下，深呼吸，并一步一步思考，并给出正确的答案。\n下面是一道多项选择题，请先详细分析问题，最后给出选项。\n119. 属于碳青霉烯类的抗菌药物有（）。\nA. 亚胺培南\nB. 氨曲南\nC. 美罗培南\nD. 厄他培南\nE. ⽐阿培南\n",
        "model_answer": "首先，碳青霉烯类抗菌药物是一类广谱抗生素，常用于治疗严重感染。这类药物的共同特点是具有强大的杀菌作用，对多种细菌都有很好的覆盖范围。\n\n现在我们来逐个分析选项：\nA. 亚胺培南 - 亚胺培南属于β-内酰胺类抗生素，不属于碳青霉烯类。\nB. 氨曲南 - 氨曲南属于碳青霉烯类抗菌药物。\nC. 美罗培南 - 美罗培南属于β-内酰胺类抗生素，不属于碳青霉烯类。\nD. 厄他培南 - 厄他培南属于β-内酰胺类抗生素，不属于碳青霉烯类。\nE. ⽐阿培南 - ⽐阿培南是一种新型合成的四环结构半合成喷他脑硷（cephamycin），也不属于碳青霉烯类。\n\n因此，在给出的选项中，只有B. 氨曲南 是属于碳青霉烯类的抗菌药物。",
        "question_type": "多项选择题",
        "groundtruth": "ACDE",
        "model_choice": "B"
    },
    {
        "id": 92,
        "query": "\n你是一个药剂师考试能手，每次都考100分，这道题对你来说不在话下，深呼吸，并一步一步思考，并给出正确的答案。\n下面是一道配伍选择题，请先详细分析问题，最后给出选项。\n56. 根据《药品经营质量管理规范》及其有关附录⽂件，属于温湿度⾃动监测系统特有的验证项⽬是（）。\nA. 测点终端安装数量及位置确认\nB. 测点终端参数与数据联动传输确认\nC. 运输最长时限验证\nD. 极端温度保温性能验证\n",
        "model_answer": "首先，根据题目要求我们需要根据《药品经营质量管理规范》及其有关附录文献来确定属于温湿度自动监测系统特有的验证项目。\n\nA. 测点终端安装数量及位置确认 - 这个选项是指确认监测系统中测点终端的数量和位置是否正确安装。这是确保监测系统准确性和有效性的重要步骤，但不属于温湿度自动监测系统特有的验证项目。\n\nB. 测点终端参数与数据联动传输确认 - 这个选项是指确认监测系统中测点终端的参数设置和数据传输是否正常。这也是保证监测系统准确性和有效性的重要步骤，但同样不属于温湿度自动监测系统特有的验证项目。\n\nC. 运输最长时限验证 - 这个选项是指验证在一定条件下药品运输所需时间是否符合规定。虽然对于药品运输过程非常重要，但并不属于温湿度自动监测系统特有的验证项目。\n\nD. 极端温度保温性能验证 - 这个选项是指验证在极端温度条件下监测系统能否正常工作以及保持稳定。这是属于温湿度自动监测系统特有的验证项目，因为在药品储存过程中，极端温度可能会影响药品质量，因此需要确保监测系统在这些条件下仍然可靠工作。\n\n因此，正确答案为：D. 极端温度保温性能验证",
        "question_type": "配伍选择题",
        "groundtruth": "A",
        "model_choice": "D"
    },
    {
        "id": 93,
        "query": "\n你是一个药剂师考试能手，每次都考100分，这道题对你来说不在话下，深呼吸，并一步一步思考，并给出正确的答案。\n下面是一道配伍选择题，请先详细分析问题，最后给出选项。\n54. 长期应⽤⼴谱抗⽣素造成⼆重感染的不良反应属于（）。\nA. 特异质反应\nB. 停药反应\nC. 后遗效应\nD. 毒性反应\nE. 继发反应\n",
        "model_answer": "首先，这道题目涉及到药物不良反应的分类。长期应用广谱抗生素可能导致二重感染，这种情况属于毒性反应。毒性反应是指药物对机体产生有害作用的反应，通常与药物的剂量和使用方式有关。\n\n因此，正确答案是：\nD. 毒性反应",
        "question_type": "配伍选择题",
        "groundtruth": "E",
        "model_choice": "D"
    },
    {
        "id": 94,
        "query": "\n你是一个药剂师考试能手，每次都考100分，这道题对你来说不在话下，深呼吸，并一步一步思考，并给出正确的答案。\n下面是一道配伍选择题，请先详细分析问题，最后给出选项。\n74. 属于酪氨酸激酶抑制剂的抗肿瘤药物是（）。\nA. 来曲唑\nB. 环磷酰胺\nC. 厄洛替尼\nD. 长春新碱\nE. 多柔⽐星\n",
        "model_answer": "首先，这道题目考察的是酪氨酸激酶抑制剂类别中的抗肿瘤药物。酪氨酸激酶抑制剂是一类针对特定酪氨酸激酶靶点的药物，用于治疗某些类型的癌症。\n\n接下来我们逐个分析选项：\nA. 来曲唑 - 来曲唑属于抗代谢药物，主要用于治疗风湿性关节炎和类风湿性关节炎，并非属于酪氨酸激酶抑制剂。\nB. 环磷酰胺 - 环磷酰胺是一种碱化剂和细胞毒药物，常用于治疗多种恶性肿瘤，包括淋巴瘤、白血病等，不属于酪氨基激活剂。\nC. 厄洛替尼 - 厄洛替尼是一种靶向治疗药物，作为表皮生长因子受体（EGFR）的小分子抑制剂，在非小细胞肺癌中有应用。并非典型的酪氨基激活剂。\nD. 长春新碱 - 长春新碱是一种生物碱类化合物，主要用于治疗结核杆菌感染，并不属于酪氨基激活剂。\nE. 多柔比星 - 多柔比星属于雌激素受体调节剂，常用于乳腺癌等雌激素依赖性肿瘤的治疗，并非属于酪氨基激活剂。\n\n因此，根据以上分析可知正确答案为：A. 来曲唑",
        "question_type": "配伍选择题",
        "groundtruth": "C",
        "model_choice": "A"
    },
    {
        "id": 95,
        "query": "\n你是一个药剂师考试能手，每次都考100分，这道题对你来说不在话下，深呼吸，并一步一步思考，并给出正确的答案。\n下面是一道配伍选择题，请先详细分析问题，最后给出选项。\n89. 患者，⼥，65岁。诊断为社区获得性肺炎，伴肾功能不全，肌酐清除率25mL/min，宜选⽤的⽆需根据肾功能调整剂量的抗菌药物是（）。\nA. 头孢曲松\nB. 头孢唑林\nC. 头孢噻肟\nD. 头孢他啶\nE. 头孢吡肟\n",
        "model_answer": "首先，根据患者的肾功能情况（肌酐清除率25mL/min），我们需要选择一个无需根据肾功能调整剂量的抗菌药物。通常来说，头孢类抗生素在肾功能不全的患者中需要进行剂量调整以防止药物积聚导致毒性。\n\n从给出的选项中，有一些头孢类抗生素是需要根据肾功能调整剂量的，如头孢曲松、头孢唑林和头孢吡肟。而对于头孢噻肟和头孢他啶，它们在一定程度上可以被用于患者存在轻至中度肾功能不全时而无需进行剂量调整。\n\n因此，在这种情况下，正确答案应该是：\n\nC. 头孢噻肟",
        "question_type": "配伍选择题",
        "groundtruth": "A",
        "model_choice": "C"
    },
    {
        "id": 99,
        "query": "\n你是一个药剂师考试能手，每次都考100分，这道题对你来说不在话下，深呼吸，并一步一步思考，并给出正确的答案。\n下面是一道配伍选择题，请先详细分析问题，最后给出选项。\n48. 患者，男，54岁，因痛风服⽤⾮布司他，为增强降尿酸效果，可同时使⽤的药物是（）。\nA. 阿托伐他汀\nB. 甲巯咪唑\nC. 丙硫氧嘧啶\nD. 氢氯噻嗪\nE. 碳酸氢钠\n",
        "model_answer": "首先，我们需要了解一下痛风的治疗原则和药物相互作用。痛风是一种由尿酸代谢异常引起的疾病，常见的药物治疗包括降低血清尿酸水平以及预防和缓解关节炎发作。\n\n在这道题中，患者已经服用非布司他来治疗痛风，而问题要求找出可以同时使用以增强降尿酸效果的药物。因此，我们需要选择一个药物，在与非布司他同时使用时能够增强其降尿酸效果。\n\nA. 阿托伐他汀：阿托伐他汀是一种降脂药，主要用于控制胆固醇水平，并不具有直接降低尿酸水平的作用。\nB. 甲巯咪唑：甲巯咪唑是一种利尿剂，可帮助排出体内多余的尿酸，从而减少尿酸积累。\nC. 丙硫氧嘧啶：丙硫氧嘧啶是一种抑制核苷酸合成的药物，可以通过减少新生嘌呤来降低血清尿酸水平。\nD. 氢氯噻嗪：氢氯噻嗪是一种利尿剂，同样可帮助排出体内多余的尿酸。\nE. 碳酸氢钠：碳酸氢钠主要用于调节体内PH值，并不直接影响尿酸代谢。\n\n综上所述，在这道题中最适合同时使用以增强非布司他降尿酸效果的药物是C. 丙硫氧嘧啶。",
        "question_type": "配伍选择题",
        "groundtruth": "E",
        "model_choice": "C"
    }
]