[
    {
        "id": 0,
        "query": "\n你是一个药剂师考试能手，每次都考100分，这道题对你来说不在话下，深呼吸，并一步一步思考，并给出正确的答案。\n下面是一道最佳选择题，请先详细分析问题，最后给出选项。\n27. 根据国家药品监督管理局，公安部，国家卫⽣健康委员会的有关规定，⼜服固体制剂每剂量单位含羟考酮碱不超过5毫克，且不含其他⿇醉药品，精神药品或者药品类易制毒化学品的复⽅制剂列⼊（）。\nA. 含⿇醉药品复⽅制剂的管理\nB. 第⼆类精神药品管理\nC. 第⼀类精神药品管理\nD. 医疗⽤毒性药品管理\n",
        "model_answer": "首先，这道题目涉及到固体制剂中含有羟考酮碱的管理规定。根据规定，每剂量单位含羟考酮碱不超过5毫克，并且不含其他醉酒药品、精神药品或易制毒化学品的复方制剂可以列入哪一项管理范围。\n\n根据描述，我们知道该复方制剂既不能包含其他醉酒药品、精神药品或易制毒化学品，又要确保每剂量单位含羟考酮碱不超过5毫克。因此，正确答案应该是与精神药物相关的选项。\n\n在选项中，A. 含醉药品复方制剂的管理和D. 医疗用毒性药品管理都不符合题干中所述条件。因此正确答案为B. 第二类精神药品管理或C. 第一类精神药品管理。\n\n综上所述，正确选项为：B. 第二类精神药品管理 或 C. 第一类精神药品管理。",
        "question_type": "最佳选择题",
        "groundtruth": "B",
        "model_choice": "C"
    },
    {
        "id": 1,
        "query": "\n你是一个药剂师考试能手，每次都考100分，这道题对你来说不在话下，深呼吸，并一步一步思考，并给出正确的答案。\n下面是一道多项选择题，请先详细分析问题，最后给出选项。\n112. 患者，男，70岁，因抑郁症长期服⽤舍曲林。新诊断为帕⾦森病，宜选⽤的药物有（）。\nA. 司来吉兰\nB. 普拉克索\nC. ⾦刚烷胺\nD. 吡贝地尔\nE. 恩他卡朋\n",
        "model_answer": "首先，根据题目信息可知患者长期服用舍曲林治疗抑郁症，现在又被新诊断为帕金森病。在选择合适的药物时需要考虑到舍曲林与其他药物之间的相互作用以及对帕金森病的治疗效果。\n\nA. 司来吉兰（Selegiline）是一种单胺氧化酶B抑制剂，通常用于帕金森病的治疗。但需要注意的是，司来吉兰与舍曲林有明显相互作用，并且可能增加血清素综合征风险。\n\nB. 普拉克索（Pramipexole）是多巴胺受体激动剂，也常用于帕金森病的治疗。与舍曲林没有明显的药物相互作用。\n\nC. 金刚烷胺（Amantadine）也被广泛应用于帕金森病的治疗，其机制主要是通过增加多巴胺释放和减少再摄取。通常与舍曲林一同使用时并无明显不良反应。\n\nD. 吡贝地尔（Piribedil）是一种非多巴胺类似物，也被用于帕金森病治疗。它可以提高脑内去甲肾上腺素、多巴胺和5-羟色胺水平。\n\nE. 恩他卡朋（Entacapone）是一种儿茶酚氧化酶B抑制剂，在联合口服左旋多巴和羟基苯乙醇肌苷时有效缓解帕金森综合征运动障碍。\n\n综上所述，在这种情况下，选项B、C、D、E都可以作为适宜选用的药物。而由于选项A司来吉兰容易产生明显相互作用并增加不良反应风险，因此正确答案为：\n\nB. 普拉克索\nC. 金刚烷胺\nD. 吡贝地尔\nE. 恩他卡朋",
        "question_type": "多项选择题",
        "groundtruth": "BCDE",
        "model_choice": "E"
    },
    {
        "id": 2,
        "query": "\n你是一个药剂师考试能手，每次都考100分，这道题对你来说不在话下，深呼吸，并一步一步思考，并给出正确的答案。\n下面是一道最佳选择题，请先详细分析问题，最后给出选项。\n2215. 可⽤于治疗蛔⾍病、蛲⾍病、钩⾍病和鞭⾍病的⼴谱驱⾍药物是（）。\nA. 甲硝唑\nB. 氯硝柳胺\nC. ⼄胺嗪\nD. 甲苯咪唑\nE. 三氯苯达唑\n",
        "model_answer": "首先，我们需要了解蛔虫病、蛲虫病、钩虫病和鞭虫病是由寄生虫引起的传染性疾病。治疗这些寄生虫感染需要使用广谱驱虫药物。\n\n现在我们来分析每个选项：\nA. 甲硝唑 - 主要用于治疗滴虫感染等细菌感染，不是驱虫药物。\nB. 氯硝柳胺 - 主要用于治疗阿米巴原虫感染，不是驱虫药物。\nC. 咪胺噻 - 主要用于治疗头螨等皮肤寄生虫感染，不是驱虫药物。\nD. 甲苯咪唑 - 是一种广谱抗真菌药物，并非驱虫药物。\nE. 三氯苯达唑 - 是一种广谱驱线粒体内共生菌的抗生素，也不是驱虫药物。\n\n因此，在可供选择的选项中，没有符合条件的广谱驱虫药物。所以正确答案应该是：无法从提供的选项中选择出适用于治疗蛔虫病、蛲虫病、钩虫病和鞭虿烈的广谱马王。",
        "question_type": "最佳选择题",
        "groundtruth": "D",
        "model_choice": "E"
    },
    {
        "id": 5,
        "query": "\n你是一个药剂师考试能手，每次都考100分，这道题对你来说不在话下，深呼吸，并一步一步思考，并给出正确的答案。\n下面是一道最佳选择题，请先详细分析问题，最后给出选项。\n2. 影响药物制剂稳定性的⾮处⽅因素是（）。\nA. pH\nB. 温度\nC. 溶剂\nD. 离⼦强度\nE. 表⾯活性剂\n",
        "model_answer": "首先，药物制剂的稳定性是指药物在一定条件下能够保持其原有性质和活性的能力。影响药物制剂稳定性的因素很多，包括处方因素（如药物本身的性质、配伍性等）和非处方因素。\n\n在给出的选项中，A. pH、B. 温度、C. 溶剂、D. 离子强度和E. 表面活性剂都是可能影响药物制剂稳定性的非处方因素。\n\nA. pH：药物在不同pH值下可能会发生分解或失去活性。\nB. 温度：高温或低温可能导致药物变化，甚至失去活性。\nC. 溶剂：选择不适当的溶剂可能导致药物沉淀或析出。\nD. 离子强度：离子强度过高或过低可能对药物造成影响。\nE. 表面活性剂：表面活性剂可以改变溶液表面张力，对某些药物具有辅助作用，但也可能与某些药物发生相互作用而影响稳定性。\n\n综上所述，在给出的选项中，所有选项都是影响药物制剂稳定性的⾮处⽅因素。因此正确答案应为：全部选项都是正确答案。",
        "question_type": "最佳选择题",
        "groundtruth": "B",
        "model_choice": "E"
    },
    {
        "id": 7,
        "query": "\n你是一个药剂师考试能手，每次都考100分，这道题对你来说不在话下，深呼吸，并一步一步思考，并给出正确的答案。\n下面是一道配伍选择题，请先详细分析问题，最后给出选项。\n66. 对于治疗严重危及⽣命且尚⽆有效治疗⼿段的疾病的药品，药物临床试验已有数据证实疗效并能预测其临床价值的，可以申请（）。\nA. 关联审评审批程序\nB. 简化审批程序\nC. 附条件批准程序\nD. 突破性治疗药物程序\n",
        "model_answer": "首先，这道题目考察的是对于治疗严重危及生命且尚无有效治疗手段的疾病的药品，在药物临床试验已有数据证实疗效并能预测其临床价值的情况下，可以申请哪种审批程序。\n\n根据描述，这种药品已经在临床试验中表现出了较好的疗效，并且有望成为一种突破性治疗药物。因此，正确答案应该是：\n\nD. 突破性治疗药物程序\n\n选项A、B、C都不太适合这种情况，关联审评审批程序、简化审批程序和附条件批准程序更适用于其他类型的药品或情况。",
        "question_type": "配伍选择题",
        "groundtruth": "C",
        "model_choice": "A"
    },
    {
        "id": 9,
        "query": "\n你是一个药剂师考试能手，每次都考100分，这道题对你来说不在话下，深呼吸，并一步一步思考，并给出正确的答案。\n下面是一道综合分析选择题，请先详细分析问题，最后给出选项。\n题干：雌⼆醇⼜服⼏乎⽆效，临床常⽤雌⼆醇贴⽚。近年来，随着微粒化技术问世，市⾯上亦出现了雌⼆醇⽚。某患者使⽤微粒化雌⼆醇⽚治疗雌激素缺乏综合征，每次2mg，每天服药⼀次，使⽤⼀段时间后，出现肝功能异常，后改⽤雌⼆醇贴⽚（每⽚2.5mg，每⽚可使⽤7⽇），不良反应消失。\n103. 雌⼆醇⽚属于⼩剂量⽚剂，应检查含量均匀度，根据《中国药典》规定，⼩剂量是指每⽚标⽰量⼩于（）。\nA. 25mg\nB. 1mg\nC. 5mg\nD. 10mg\nE. 50mg\n",
        "model_answer": "首先，这道题目提到了使用微粒化技术制备的雌二醇片和传统的雌二醇贴片。在患者使用微粒化雌二醇片后出现肝功能异常，而改用雌二醇贴片后不良反应消失。这暗示了可能是因为微粒化技术制备的药物在患者身体内释放速度过快导致的不良反应。\n\n接下来是关于小剂量片剂的检查问题。根据中国药典规定，小剂量片剂是指每片标示量较小的片剂。所以需要检查含量均匀度以确保每一片中包含相同数量的活性成分。\n\n正确答案是：B. 1mg\n\n因此，应检查含量均匀度，根据《中国药典》规定，小剂量是指每片标示量小于1mg。",
        "question_type": "综合分析选择题",
        "groundtruth": "A",
        "model_choice": "B"
    },
    {
        "id": 10,
        "query": "\n你是一个药剂师考试能手，每次都考100分，这道题对你来说不在话下，深呼吸，并一步一步思考，并给出正确的答案。\n下面是一道综合分析选择题，请先详细分析问题，最后给出选项。\n题干：舍曲林的化学结构如下，体内过程符合线性药动学特征，只有极少量（＜0.2%）以原形从尿中排泄，临床上常⽤剂量为50～200mg，每天给药⼀次。肝肾功能正常的某患者服⽤该药后的达峰时间约为5h，其消除半衰期约为24h，⾎浆蛋⽩结合率为98%。\n108. 舍曲林在体内主要代谢产物仍有活性，约为舍曲林的1/20，该主要代谢产物是（）。\nA. 3-羟基舍曲林\nB. 去甲氨基舍曲林\nC. 7-羟基舍曲林\nD. N-去甲基舍曲林\nE. 脱氯舍曲林\n",
        "model_answer": "首先，我们要注意到题干中提到舍曲林的体内过程符合线性药动学特征，这意味着在给药量范围内，其代谢和排泄是稳定且可预测的。另外，提到舍曲林只有极少量以原形从尿中排泄，而主要代谢产物仍具有活性。\n\n根据题干信息：\n- 主要代谢产物仍有活性，约为舍曲林的1/20；\n- 舍曲林的化学结构并没有直接给出；\n- 选项包括不同可能的代谢产物。\n\n由于我们无法准确知道舍曲林的化学结构，因此需要根据常见的药物代谢反应来进行推断。一种常见的代谢反应是氧化反应，在此类反应中通常会添加一个羟基或去除一个甲基。\n\n在给出选项中，A. 3-羟基舍曲林、B. 去甲氨基舍曲林、C. 7-羟基舍曲林、D. N-去甲基舍曲林、E. 脱氯舍曲林中，\n我们可以初步排除 E. 脱氯舍曲林，因为脱氯并不涉及添加羟基或去除甲基。\n然后根据常见代谢途径和题干信息，“3-羟基”、“7-羟基”、“N-去甲基”都可能是通过氧化反应得到；而“去甙胺”则可能是通过脱去乙胺（CH3NH2）得到。\n\n综上所述，在这个情况下最符合条件的选择是 B. 去甙胺。",
        "question_type": "综合分析选择题",
        "groundtruth": "D",
        "model_choice": "B"
    },
    {
        "id": 13,
        "query": "\n你是一个药剂师考试能手，每次都考100分，这道题对你来说不在话下，深呼吸，并一步一步思考，并给出正确的答案。\n下面是一道配伍选择题，请先详细分析问题，最后给出选项。\n62. 药品质量标准中属于药物特性检查的项⽬是（）。\nA. 氯化物\nB. 细菌内毒素\nC. 有关物质\nD. 结晶性\nE. 熔点\n",
        "model_answer": "首先，这道题目是在考察药品质量标准中属于药物特性检查的项目。在制定药品质量标准时，需要考虑各种不同的因素，包括药物的特性。\n\nA. 氯化物：氯化物通常用于检查杂质含量，而非药物特性检查。\nB. 细菌内毒素：主要用于微生物限度测试，也不是药物特性检查。\nC. 有关物质：比较笼统的选项，并不能具体指明是用于药物特性检查。\nD. 结晶性：结晶性可以反映出药品纯度和结晶形态等方面的信息，与药物特性有一定关联。\nE. 熔点：熔点是一个重要的理化参数，可以反映出药品的稳定性和纯度等方面信息，在一定程度上也反映了药物的特性。\n\n综合分析可知，正确答案应为 D. 结晶性 和 E. 熔点。",
        "question_type": "配伍选择题",
        "groundtruth": "D",
        "model_choice": "E"
    },
    {
        "id": 14,
        "query": "\n你是一个药剂师考试能手，每次都考100分，这道题对你来说不在话下，深呼吸，并一步一步思考，并给出正确的答案。\n下面是一道最佳选择题，请先详细分析问题，最后给出选项。\n1. 为配制有效氯浓度为500mg/L的消毒剂10L，需要次氯酸钠溶液（有效氯浓度为6.0%）和纯化⽔的量分别是（）。\nA. 83mL和9917mL\nB. 830mL和9170mL\nC. 120mL和9880mL\nD. 150mL和9850mL\nE. 500mL和9500mL\n",
        "model_answer": "首先，我们需要计算出次氯酸钠溶液中实际含有的氯的质量百分比，然后通过配比计算出所需的次氯酸钠溶液和纯化水的量。\n\n1. 计算次氯酸钠溶液中实际含有的氯的质量百分比：\n次氯酸钠（NaClO）的摩尔质量为 74.44 g/mol\n有效氯浓度为6.0%，即6g/100mL = 60g/L = 60000mg/L\n每升6% NaClO 溶液包含60000mg Cl2\n\n(Cl2 的相对原子质量为71，NaClO 化合物包含一个 Cl2 原子)\n则在60000mg Cl2 中，Cl 占 (71/(71+23+16*3)) = 35.5%\n即在每升6% NaClO 溶液中实际含有35.5% 的 Cl\n\n2. 计算所需次氯酸钠溶液和纯化水的体积：\n设 x mL 是次氯酸钠溶液（有效氯浓度为6.0%）的体积\n则其中实际含有 Cl 的质量为 0.355x mg\n要求配制10L有效氯浓度为500mg/L消毒剂，则总共需要 500 * 10 = 5000 mg 的 Cl\n\n根据上述信息可得到方程：0.355x = 5000\n解得 x ≈14084mL\n\n所以，所需次氯酸钠溶液约为14084mL，纯化水约为(10000-14084)mL=9917mL。\n\n因此，正确答案是选项 A：83mL 和 9917mL。",
        "question_type": "最佳选择题",
        "groundtruth": "B",
        "model_choice": "A"
    },
    {
        "id": 17,
        "query": "\n你是一个药剂师考试能手，每次都考100分，这道题对你来说不在话下，深呼吸，并一步一步思考，并给出正确的答案。\n下面是一道多项选择题，请先详细分析问题，最后给出选项。\n117. 药物代谢是机体对药物的处置过程，下列关于药物代谢的说法，正确的有（）。\nA. ⾮甾体抗炎药舒林酸结构中的甲基亚砜，经还原后的代谢物才具有活性\nB. 抗抑郁药丙⽶嗪结构中的⼆甲胺⽚段，经N-脱甲基后的代谢物失去活性\nC. 驱⾍药阿苯达唑结构中的丙硫醚，经S-氧化后的代谢物才具有活性\nD. 抗癫痫药苯妥英钠结构中的⼀个芳环，发⽣氧化代谢后产⽣羟基化的代谢物仍具有活性\nE. 解热镇痛药保泰松结构中的⼀个芳环，发⽣氧化代谢后产⽣羟基化的保泰松仍具有活性\n",
        "model_answer": "首先，药物代谢是指机体对药物进行化学转化的过程，通常会发生在肝脏中。药物代谢可以改变药物的活性、毒性、吸收和排泄等特性。\n\n现在我们来逐个分析每个说法：\n\nA. 非甾体抗炎药舒林酸结构中的甲基亚砜，经还原后的代谢物才具有活性\n这个说法是正确的。有些药物需要通过代谢才能转化为活性形式。\n\nB. 抗抑郁药丙⽶嗪结构中的⼆甲胺⽚段，经N-脱甲基后的代谢物失去活性\n这个说法也是正确的。有些药物需要通过代谢才能失去活性或减少毒性。\n\nC. 驱虫药阿苯达唑结构中的丙硫醚，经S-氧化后的代谢物才具有活性\n这个说法是错误的。通常情况下，药物经过氧化反应后会失去活性。\n\nD. 抗癫痫药苯妥英钠结构中的一个芳环，发生氧化代谢后产生羟基化的代谢物仍具有活性\n这个说法也是正确的。有些药物经过氧化反应后仍然保持活性。\n\nE. 解热镇痛药保泰松结构中的一个芳环，发生氧化代谢后产生羟基化的保泰松仍具有活性\n这个说法是错误的。一般来说，大部分情况下，经过氧化反应生成羟基等官能团会导致药效降低或者失去活性。\n\n综上所述：\n正确选项为 A 和 B。\n所以答案是：A、B",
        "question_type": "多项选择题",
        "groundtruth": "ACE",
        "model_choice": "AB"
    },
    {
        "id": 19,
        "query": "\n你是一个药剂师考试能手，每次都考100分，这道题对你来说不在话下，深呼吸，并一步一步思考，并给出正确的答案。\n下面是一道最佳选择题，请先详细分析问题，最后给出选项。\n37. 根据医疗器械分类管理规定，下列属于⼆类医疗器械的是（）。\nA. 体温计、⽪肤缝合钉、⽆菌医⽤⼿套\nB. 超声三维系统软件、⾎压计、核磁共振成像设备\nC. 针灸针、听诊器、医⽤防护服\nD. 集液袋、⼿术⼑、睡眠监护系统软件\n",
        "model_answer": "首先，根据医疗器械分类管理规定，医疗器械分为三类：Ⅰ类、Ⅱ类和Ⅲ类。其中，Ⅱ类医疗器械是指对人体直接或间接使用的医疗器械，其安全性和有效性要求较高，需要经过严格的注册审核才能上市销售。\n\n现在我们来分析每个选项中列出的医疗器械：\nA. 体温计、皮肤缝合钉、无菌医用手套\nB. 超声三维系统软件、血压计、核磁共振成像设备\nC. 针灸针、听诊器、医用防护服\nD. 集液袋、手术刀、睡眠监护系统软件\n\n根据题目要求属于Ⅱ类医疗器械的选项应该是那些对人体直接或间接使用，并具有较高安全性和有效性要求的器械。从以上选项中可以看出：\nA选项包括了一次性使用的常见医用物品，这些物品虽然重要但并不具备较高安全性和有效性要求；\nB选项包括了超声三维系统软件等专业设备，这些设备通常属于Ⅱ类或更高级别的医疗器械；\nC选项包括了一些常见且比较简单的医用工具；\nD选项包括了集液袋等一次性使用物品以及睡眠监护系统软件。\n\n因此，在给出的四个选项中，符合Ⅱ类医疗器械定义的是B选项：超声三维系统软件、血压计和核磁共振成像设备。\n\n因此，正确答案是：B. 超声三维系统软件、⾎压计、核磁共振成像设备",
        "question_type": "最佳选择题",
        "groundtruth": "A",
        "model_choice": "B"
    },
    {
        "id": 21,
        "query": "\n你是一个药剂师考试能手，每次都考100分，这道题对你来说不在话下，深呼吸，并一步一步思考，并给出正确的答案。\n下面是一道最佳选择题，请先详细分析问题，最后给出选项。\n8. 异丙托溴铵制剂处⽅如下。处⽅中枸橼酸⽤作（）。 【处⽅】 异丙托溴铵0.374g，⽆⽔⼄醇150g； HFA-134a844.6g，枸橼酸0.04g； 蒸馏⽔5.0g。\nA. 潜溶剂\nB. 防腐剂\nC. 助溶剂\nD. 抛射剂\nE. pH调节剂\n",
        "model_answer": "首先，我们需要分析处方中各个成分的作用。异丙托溴铵是药物成分，HFA-134a是推动剂，枸橼酸和蒸馏水则可能起到其他辅助作用。\n\n在这道题中，处方中只有0.04g的枸橼酸，因此它不太可能是潜溶剂、防腐剂或抛射剂。而pH调节剂通常需要使用更多量的物质来调节药物的pH值。因此，在这种情况下，最有可能的选项是C. 助溶剂。\n\n因此，正确答案为：C. 助溶剂",
        "question_type": "最佳选择题",
        "groundtruth": "E",
        "model_choice": "C"
    },
    {
        "id": 22,
        "query": "\n你是一个药剂师考试能手，每次都考100分，这道题对你来说不在话下，深呼吸，并一步一步思考，并给出正确的答案。\n下面是一道最佳选择题，请先详细分析问题，最后给出选项。\n32. 根据处⽅药与⾮处⽅药分类管理要求，下列销售⾏为错误的是（）。\nA. 药品零售企业对疑似假冒或者不合法处⽅，应当断然拒绝调配，并向所在地药品监管理部门报告\nB. 药品零售企业不得采⽤开架⾃选的⽅式销售处⽅药，可以采⽤“捆绑搭售”“满减优惠”等⽅式赠送销售⾮处⽅药\nC. 销售处⽅药时，处⽅应当经执业药师审核，调配处⽅应当经过核对，对处⽅所列药品不得擅⾃更改或者代⽤，对有配伍禁忌的处⽅，应当拒绝调配\nD. 第⼆类精神药品，肿瘤治疗药，精神障碍治疗药等在药品零售企业必须严格凭处⽅销售\n",
        "model_answer": "首先，这道题是关于药品销售管理的规定。我们需要仔细分析每个选项，然后找出错误的选项。\n\nA. 药品零售企业对疑似假冒或者不合法处方，应当断然拒绝调配，并向所在地药品监管部门报告 - 这是正确的做法。如果有疑问的处方，药店应该停止配药并向监管部门汇报。\n\nB. 药品零售企业不得采用开架自选的方式销售处方药，可以采用“捆绑搭售”“满减优惠”等方式赠送销售非处方药 - 这也是正确的。处方药应当由专业人员提供咨询和销售。\n\nC. 销售处方药时，处方应当经执业药师审核，调配处方应当经过核对，对处方所列药品不得擅自更改或者代用，对有配伍禁忌的处方，应当拒绝调配 - 这也是符合规定的。保证患者使用正确的药物是非常重要的。\n\nD. 第二类精神药品、肿瘤治疗药、精神障碍治疗药等在药品零售企业必须严格凭处方销售 - 这个选项看起来也符合规定。这些特殊类型的药物需要严格控制其销售。\n\n因此，在以上选项中没有明显错误或违反规定的选项。根据题目要求选择\"无\"可能会更加贴切一些。\n",
        "question_type": "最佳选择题",
        "groundtruth": "B",
        "model_choice": "D"
    },
    {
        "id": 24,
        "query": "\n你是一个药剂师考试能手，每次都考100分，这道题对你来说不在话下，深呼吸，并一步一步思考，并给出正确的答案。\n下面是一道配伍选择题，请先详细分析问题，最后给出选项。\n63. 表⽰药物在体内波动程度的参数是（）。\nA. Cmax\nB. DE\nC. MRT\nD. AUMC\nE. AUC\n",
        "model_answer": "首先，让我们逐个分析每个选项的含义：\n\nA. Cmax：表示药物在体内达到的最高浓度。\nB. DE：不是常见的描述药物波动程度的参数。\nC. MRT：平均滞留时间，反映了药物在体内停留的平均时间。\nD. AUMC：曲线下面积乘以时间，用于计算总体内曲线下面积。\nE. AUC：曲线下面积，表示给定时间段内药物在血浆中的总量。\n\n根据题目所问关于药物在体内波动程度的参数，最能代表这种情况的应该是药物在一定时间范围内的总量变化情况。因此，在这些选项中，最符合要求的应该是 E. AUC（曲线下面积）。\n\n因此，正确答案是 E. AUC。",
        "question_type": "配伍选择题",
        "groundtruth": "A",
        "model_choice": "C"
    },
    {
        "id": 28,
        "query": "\n你是一个药剂师考试能手，每次都考100分，这道题对你来说不在话下，深呼吸，并一步一步思考，并给出正确的答案。\n下面是一道多项选择题，请先详细分析问题，最后给出选项。\n116. 关于药物临床试验的说法，正确的有（）。\nA. Ⅲ期临床试验是治疗作⽤确证阶段\nB. Ⅳ期临床试验是新药上市前的应⽤研究阶段\nC. Ⅰ期临床试验是初步的临床药理学及⼈体安全性评价试验\nD. Ⅱ期临床试验是治疗作⽤初步评价阶段\n",
        "model_answer": "首先，我们需要了解药物临床试验的不同阶段及其含义：\n\nⅠ期临床试验：主要评价药物在人体内的代谢、毒性和耐受性，以及初步的有效性。\n\nⅡ期临床试验：主要评价药物的疗效和安全性，确定最佳剂量范围。\n\nⅢ期临床试验：主要评价药物的治疗效果、安全性和用药方案，以确保其真实有效并确定适应症。\n\nⅣ期临床试验：在新药上市后进行的进一步观察和研究，例如长期使用下的安全性监测等。\n\n根据以上知识，我们来分析选项：\n\nA. Ⅲ期临床试验是治疗作⽤确证阶段 - 正确。Ⅲ期临床试验是为了验证药物的治疗效果，并确认其在特定情况下是否真正有效。\n\nB. Ⅳ期临床试验是新药上市前的应⽤研究阶段 - 错误。Ⅳ期临床试验是在新药上市后进行的监测和研究阶段。\n\nC. Ⅰ期临床试验是初步的临床药理学及⼈体安全性评价试验 - 正确。Ⅰ期临床试验主要评估新药在人体内代谢、毒性、耐受性等方面。\n\nD. Ⅱ期临床试验是治疗作⽤初步评价阶段 - 正确。Ⅱ期临床试验主要评估新药的疗效和安全性，确定最佳剂量范围。\n\n因此，正确选项为 A、C 和 D。",
        "question_type": "多项选择题",
        "groundtruth": "ACD",
        "model_choice": "D"
    },
    {
        "id": 32,
        "query": "\n你是一个药剂师考试能手，每次都考100分，这道题对你来说不在话下，深呼吸，并一步一步思考，并给出正确的答案。\n下面是一道配伍选择题，请先详细分析问题，最后给出选项。\n64. 属于⾃由基清除剂，⽤于治疗缺⾎性脑⾎管病的药物是（）。\nA. 尼莫地平\nB. 吡拉西坦\nC. 依达拉奉\nD. 多奈哌齐\nE. 尼麦⾓林\n",
        "model_answer": "首先，我们需要了解什么是自由基清除剂以及缺血性脑血管病。\n\n自由基清除剂是一类药物，其作用机制是通过中和或清除体内的自由基，从而减少氧化应激反应。缺血性脑血管病是指由于大脑供血不足导致的一系列疾病，如脑梗死等。\n\n接下来，我们来分析每个选项：\nA. 尼莫地平 - 是一种钙通道阻滞剂，主要用于治疗高血压和心绞痛，并非自由基清除剂。\nB. 吡拉西坦 - 是一种抗精神病药物，用于治疗精神分裂症等，并非自由基清除剂。\nC. 依达拉奉 - 是一种抗癫痫药物，也可用于治疗双相情感障碍，并非自由基清除剂。\nD. 多奈哌齐 - 是一种镇静催眠药物，主要用于治疗失眠，并非自由基清除剂。\nE. 尼麦角林 - 是一种护肝药物、抗氧化剂和解毒剂，具有明显的自由基清除作用，在治疗缺血性脑血管疾病方面也有一定的应用。\n\n因此，正确答案为：E. 尼麦角林。",
        "question_type": "配伍选择题",
        "groundtruth": "C",
        "model_choice": "E"
    },
    {
        "id": 34,
        "query": "\n你是一个药剂师考试能手，每次都考100分，这道题对你来说不在话下，深呼吸，并一步一步思考，并给出正确的答案。\n下面是一道最佳选择题，请先详细分析问题，最后给出选项。\n30. 患者，⼥，58岁，⾼⾎压病史3年，服⽤氨氯地平控制⾎压。近1⽉来间断上腹痛，伴反酸，诊断为胃溃疡，Hp（＋），给予雷贝拉唑、克拉霉素、阿莫西林、枸橼酸铋钾进⾏Hp根除治疗。服药后患者⾃述⾆苔发⿊，⼜中有氨味，可能引起这种现象的药物是（）。\nA. 雷贝拉唑\nB. 克拉霉素\nC. 枸橼酸铋钾\nD. 阿莫西林\nE. 氨氯地平\n",
        "model_answer": "首先，根据题干提供的信息，患者是一名58岁女性，有高血压病史3年，正在服用氨氯地平控制血压。最近1个月出现间断性上腹痛、反酸的症状，诊断为胃溃疡且Hp（幽门螺杆菌）阳性。治疗方案包括雷贝拉唑、克拉霉素、阿莫西林和枸橼酸铋钾进行Hp根除治疗。\n\n在这种情况下，患者服药后出现口腔黏膜发黑以及尿中有氨味可能与药物副作用相关。需要分析每种药物的可能副作用来判断哪种药物引起了这种现象。\n\nA. 雷贝拉唑：常见副作用包括头晕、恶心等，并不会导致口腔黏膜发黑或尿中有氨味。\nB. 克拉霉素：可能引起口苦、恶心等消化道不良反应，但通常不会导致口腔黏膜发黑或尿中有氨味。\nC. 枸橼酸铋钾：这是一种胃肠道保护剂，在此情况下主要是帮助减轻溃疡引起的胃肠道不适，并不会导致口腔黏膜发黑或尿中有氨味。\nD. 阿莫西林：阿莫西林可以引起舌苔变黑的副作用（称为“黑毛舌”），也可能导致尿液异常味道。\nE. 氨氯地平：通常不会引起口腔黏膜变色或尿液异常味道。\n\n因此，根据以上分析可知，最可能引起患者口腔黏膜发黑以及尿中有氨味的药物是**D. 阿莫西林**。",
        "question_type": "最佳选择题",
        "groundtruth": "C",
        "model_choice": "D"
    },
    {
        "id": 35,
        "query": "\n你是一个药剂师考试能手，每次都考100分，这道题对你来说不在话下，深呼吸，并一步一步思考，并给出正确的答案。\n下面是一道配伍选择题，请先详细分析问题，最后给出选项。\n47. 根据《中共中央国务院关于深化医疗保障制度改⾰的意见》，⼒争到2030年全⾯建成多层次医疗保障制度体系，多层次医疗保障制度体系中发挥托底作⽤的是（）。\nA. 补充医疗保险\nB. 医疗互助\nC. 医疗救助\nD. 基本医疗保险\n",
        "model_answer": "首先，我们需要理解题目中提到的《中共中央国务院关于深化医疗保障制度改革的意见》，其中强调到2030年全面建成多层次医疗保障制度体系。在这个体系中，发挥托底作用的是什么？\n\nA. 补充医疗保险：补充医疗保险通常是对基本医疗保险的一种补充，为参加基本医疗保险的人员提供更高水平、更广覆盖范围的保障。\n\nB. 医疗互助：医疗互助是指群体内部成员自愿组织起来相互帮助，共同分担因患重大疾病而产生的费用。\n\nC. 医疗救助：医疗救助是针对贫困人口或特殊困难群体，在符合条件时给予一定程度上经济支持以获得必要的治疗和护理。\n\nD. 基本医疗保险：基本医疗保险是指由政府主导建立和管理的覆盖全民或特定人群，并提供基本且必需的医疗服务报销和支付功能的社会福利制度。\n\n根据题目要求发挥托底作用，最适合选择为 D. 基本医疗保险。因为基本医疗保险通常被视为整个医疗保障体系中最基础、最核心、最普及性质质量较高且具有强制性质并能满足公民健康需求和减轻其经济压力。",
        "question_type": "配伍选择题",
        "groundtruth": "C",
        "model_choice": "D"
    },
    {
        "id": 37,
        "query": "\n你是一个药剂师考试能手，每次都考100分，这道题对你来说不在话下，深呼吸，并一步一步思考，并给出正确的答案。\n下面是一道配伍选择题，请先详细分析问题，最后给出选项。\n94. 既有黏痰溶解作⽤，还有解救对⼄酰氨基酚中毒作⽤的药物是（）。\nA. ⼄酰半胱氨酸\nB. 氯化铵\nC. 氨溴索\nD. 右美沙芬\nE. 可待因\n",
        "model_answer": "这道题考察的是对解救对乙酰氨基酚中毒有作用的药物，同时具有黏痰溶解作用的药物。首先我们需要了解各个选项的药理作用：\n\nA. 左旋半胱氨酸：主要用于预防和治疗肝损伤，不具有解救对乙酰氨基酚中毒或黏痰溶解作用。\n\nB. 氯化铵：主要用于治疗呼吸道感染引起的黏液增多，可以帮助清除呼吸道分泌物，但不具有解救对乙酰氨基酚中毒作用。\n\nC. 氨溴索：属于镇咳药，主要用于缓解咳嗽症状，并无明显黏痰溶解作用。\n\nD. 右美沙芬：为镇咳药，常见于止咳药中，可有效缓解干性刺激性咳嗽，并不具备黏痰溶解功能。\n\nE. 可待因：也是一种镇咳药物，在止咳药中使用较为广泛，主要针对各种类型的干性刺激性咳嗽。\n\n综上所述，在给出的选项中，唯一符合既有黏痰溶解作用又能够解救对乙酰氨基酚中毒的药物是B. 氯化铵。因此正确答案为B. 氯化铵。",
        "question_type": "配伍选择题",
        "groundtruth": "A",
        "model_choice": "B"
    },
    {
        "id": 39,
        "query": "\n你是一个药剂师考试能手，每次都考100分，这道题对你来说不在话下，深呼吸，并一步一步思考，并给出正确的答案。\n下面是一道多项选择题，请先详细分析问题，最后给出选项。\n111. 据执业药师注册管理的相关规定，取得执业药师职业资格证书并经注册后⽅可执业，下列属于执业单位的有（）。\nA. 药品连锁企业总部\nB. 药品检验机构\nC. 药品批发企业\nD. 医疗机构\n",
        "model_answer": "首先，根据题目提供的信息，要想执业药师注册管理，需要取得执业药师职业资格证书并经注册后才能执业。然后问题问到属于执业单位的有哪些。\n\nA. 药品连锁企业总部：通常药品连锁企业总部并不直接进行药物配送和销售，因此不属于执业单位。\n\nB. 药品检验机构：这类机构主要从事药品质量检验工作，并非直接参与药物的配送、销售等环节，因此也不属于执业单位。\n\nC. 药品批发企业：这类企业是直接从生产厂家购进药品，并向零售药店、医疗机构等进行销售。因为涉及到药物的流通和销售环节，所以属于执业单位。\n\nD. 医疗机构：医疗机构是提供医疗服务的场所，在其中工作的执业药师可以参与临床用药指导、调配等工作，因此也属于执业单位。\n\n综上分析可知，选项C和D都属于执业单位。因此正确答案是：\n\nC. 药品批发企业\nD. 医疗机构",
        "question_type": "多项选择题",
        "groundtruth": "ACD",
        "model_choice": "D"
    },
    {
        "id": 43,
        "query": "\n你是一个药剂师考试能手，每次都考100分，这道题对你来说不在话下，深呼吸，并一步一步思考，并给出正确的答案。\n下面是一道配伍选择题，请先详细分析问题，最后给出选项。\n84. 中毒解救需灌肠时，宜选⽤的灌肠液是（）。\nA. 硫酸镁溶液\nB. 淀粉溶液\nC. 植物油\nD. ⾼锰酸钾溶液（1:5000～1:10000）\nE. 1%肥皂⽔\n",
        "model_answer": "首先，中毒解救需要进行灌肠时，选择合适的灌肠液是非常重要的。不同的灌肠液有不同的作用和适应症。\n\nA. 硫酸镁溶液：硫酸镁通常用于泻药，对中毒解救并非首选。\nB. 淀粉溶液：淀粉溶液一般用于口服给药后误吞腐蚀性物质时，对中毒解救并非首选。\nC. 植物油：植物油主要用于溶解某些特定类型的毒素，但在实际应用中并不常见。\nD. 高锰酸钾溶液（1:5000～1:10000）：高锰酸钾具有氧化性，可以氧化某些有机物质及部分金属离子，并且对细菌具有杀菌作用，在一定情况下可作为灌肠液使用。\nE. 1%肥皂水：肥皂水可通过增加排便次数来促进毒素排出体外，但并非所有情况下都适用。\n\n因此，在中毒解救需灌肠时，宜选用的灌肠液是 D. 高锰酸钾溶液（1:5000～1:10000）。",
        "question_type": "配伍选择题",
        "groundtruth": "E",
        "model_choice": "D"
    },
    {
        "id": 44,
        "query": "\n你是一个药剂师考试能手，每次都考100分，这道题对你来说不在话下，深呼吸，并一步一步思考，并给出正确的答案。\n下面是一道最佳选择题，请先详细分析问题，最后给出选项。\n13. 两药同时使⽤时，⼀个药物可通过诱导体内⽣化反应⽽使另⼀个药物的药效降低。下列药物同时使⽤时，会发⽣这种相互作⽤的是（）。\nA. β受体阻断药阿替洛尔与利尿药氢氯噻嗪\nB. 抗痛风药丙磺舒与青霉素\nC. 解热镇痛药阿司匹林与对⼄酰氨基酚\nD. 抗菌药磺胺甲与甲氧苄啶\nE. 抗癫痫药苯巴⽐妥与避孕药\n",
        "model_answer": "首先，这道题考察的是药物之间的相互作用。根据题干描述，当两种药物同时使用时，一种药物可以通过诱导体内生化反应而使另一种药物的药效降低。\n\n现在我们来分析每个选项：\nA. β受体阻断药阿替洛尔与利尿药氢氯噻嗪：这两种药物属于不同类型的药物，通常不会发生相互作用导致其中一种药效降低。\nB. 抗痛风药丙磺舒与青霉素：这两种药物也属于不同类型的药物，不太可能发生上述描述的相互作用。\nC. 解热镇痛药阿司匹林与对乙酰氨基酚：这两种常见的解热镇痛药有可能发生相互作用，因为它们都经过肝脏代谢，并且有类似的代谢途径。\nD. 抗菌药磺胺甲与甲氧苄啶：这两种抗菌药也有可能发生相互作用，因为它们都影响细菌代谢途径。\nE. 抗癫痫药苯巴比妥与避孕药：这两种也属于不同类型的药物，通常不会发生上述描述的相互作用。\n\n综上所述，在给出选项中，最有可能发生“一个通过诱导体内生化反应而使另一个的效果降低”的情况是：\nC. 解热镇痛药阿司匹林与对乙酰氨基酚",
        "question_type": "最佳选择题",
        "groundtruth": "E",
        "model_choice": "C"
    },
    {
        "id": 46,
        "query": "\n你是一个药剂师考试能手，每次都考100分，这道题对你来说不在话下，深呼吸，并一步一步思考，并给出正确的答案。\n下面是一道配伍选择题，请先详细分析问题，最后给出选项。\n42. 根据《药品经营质量管理规范》，测量范围在－25℃～0℃之间的温湿度监测系统，测量设备的温度最⼤允许误差为（）。\nA. ±2.0℃\nB. ±0.5℃\nC. ±0.1℃\nD. ±1.0℃\n",
        "model_answer": "首先，根据题目要求，我们需要确定在测量范围在-25℃～0℃之间的温湿度监测系统中，测量设备的温度最大允许误差是多少。\n\n根据《药品经营质量管理规范》，对于温度测量设备的精确度要求通常是以±X.X℃表示。在这种情况下，我们需要找到一个最大允许误差值，使得无论是实际温度高于还是低于被测范围内的某个值时都能保证准确性。\n\n因为我们需要考虑到整个测量范围从-25℃到0℃，所以我们要选择一个误差范围可以覆盖这个区间。由于误差应该越小越好，但同时也要满足实际使用需求和成本考虑。\n\n在这道题中，最大允许误差应该尽可能小且不超过实际需求。因此，在这种情况下，正确答案应该选取一个较小的值，并且能够覆盖整个温度范围。所以答案为：\n\nB. ±0.5℃",
        "question_type": "配伍选择题",
        "groundtruth": "D",
        "model_choice": "B"
    },
    {
        "id": 47,
        "query": "\n你是一个药剂师考试能手，每次都考100分，这道题对你来说不在话下，深呼吸，并一步一步思考，并给出正确的答案。\n下面是一道多项选择题，请先详细分析问题，最后给出选项。\n120. 审⽅时要关注中西药联⽤的情况，下列药品中含有西药成分的有（）。\nA. ⿐炎康⽚\nB. 珍菊降压⽚\nC. 防风通圣丸\nD. 蛇胆川贝液\nE. 消渴丸\n",
        "model_answer": "首先，题目要求我们找出含有西药成分的药品。在中医药中，有些药品可能会含有西药成分，通常是为了增强疗效或达到特定治疗目的。\n\n1. ⿐炎康⽚：通常是中成药，不包含西药成分。\n2. 珍菊降压⽚：根据名称推测可能含有西药成分，因为降压一般是西医治疗高血压的方式。\n3. 防风通圣丸：通常是中成药，不包含西药成分。\n4. 蛇胆川贝液：可能含有西药成分，因为胆和贝类不属于传统中医材料。\n5. 消渴丸：通常是中成药，不包含西药成分。\n\n综上所述，选项B. 珍菊降压⽚和D. 蛇胆川贝液 是含有西药成分的两种选择。",
        "question_type": "多项选择题",
        "groundtruth": "ABE",
        "model_choice": "D"
    },
    {
        "id": 48,
        "query": "\n你是一个药剂师考试能手，每次都考100分，这道题对你来说不在话下，深呼吸，并一步一步思考，并给出正确的答案。\n下面是一道配伍选择题，请先详细分析问题，最后给出选项。\n85. 根据《国家药品监督管理局职能配置、内设机构和⼈员编制规定》及其有关规定，负责执业药师管理信息系统的建设、管理和维护的是（）。\nA. 国家药品监督管理局⾼级研修学院\nB. 国家药品监督管理局执业药师资格认证中⼼\nC. 国家药典委员会\nD. 国家药品监督管理局信息中⼼\n",
        "model_answer": "首先，我们需要理解这道题目在问什么。这道题目考察的是负责执业药师管理信息系统的建设、管理和维护的机构是哪一个。\n\n接下来，让我们逐个分析选项：\nA. 国家药品监督管理局⾼级研修学院 - 这个机构更偏向于培训和教育，并不直接涉及管理信息系统。\nB. 国家药品监督管理局执业药师资格认证中⼼ - 这个机构主要负责执业药师资格认证，与管理信息系统有一定关联，但并非直接负责系统建设、管理和维护。\nC. 国家药典委员会 - 这个机构主要负责国家药典的编纂工作，并不涉及管理信息系统。\nD. 国家药品监督管理局信息中⼼ - 从名称上看，这个机构更符合负责执业药师管理信息系统的建设、管理和维护。\n\n因此，正确答案是：D. 国家药品监督管理局信息中⼼",
        "question_type": "配伍选择题",
        "groundtruth": "B",
        "model_choice": "D"
    },
    {
        "id": 49,
        "query": "\n你是一个药剂师考试能手，每次都考100分，这道题对你来说不在话下，深呼吸，并一步一步思考，并给出正确的答案。\n下面是一道综合分析选择题，请先详细分析问题，最后给出选项。\n题干：为规范药品零售环节经营⾏为，某地药品监督管理部门对辖区内药品零售企业开展监督检查。检查发现： （1）甲药品零售企业涉嫌从⾮法渠道购进药品，部分批号的阿卡波糖⽚不能提供购进发票，且经追测码查询，供货单位系某医疗机构：涉嫌违规经营⽶⾮司酮⽚。 （2）⼄药品零售企业屡次绕开计算机系统销售过期的盐酸⼆甲双胍缓释⽚、⼆甲双胍格列本脲胶囊等药品：计算机系统中有多条超数量销售含⿇黄碱类复⽅制剂的销售记录，其中最多⼀次销售了50盒，企业留存了本次销售的处⽅。\n109. 针对⼄违规销售含⿇黄碱类复⽅制剂的⾏为，下列检查结论错误的是（）。\nA. ⼄的计算机系统未有效拦截含特殊药品复⽅制剂超数量销售\nB. ⼄配备的执业药师未严格履⾏处⽅审核职责\nC. ⼄涉嫌将含⿇黄碱类复⽅制剂流⼊⾮法渠道\nD. ⼄未对违规超量售出含⿇黄碱类复⽅制剂发起药品追回\n",
        "model_answer": "首先，我们需要分析题干提供的情境。这道题目描述了药品监督管理部门对某地药品零售企业进行监督检查时发现的问题：一家药品零售企业存在从非法渠道购进药品、销售过期药品等违规行为。其中，针对第二项违规行为（绕开计算机系统销售含特定成分的复方制剂），要求判断下列检查结论中哪个是错误的。\n\nA. 说⼄的计算机系统未有效拦截含特殊药品复⽅制剂超数量销售\nB. 说⼄配备的执业药师未严格履⾏处⽅审核职责\nC. 说⼄涉嫌将含⿇黄碱类复⽅制剂流⼊非法渠道\nD. 说⼄未对违规超量售出含⿇黄碱类复方制剂发起药品追回\n\n根据情境描述和选项内容，正确答案应该是与实际情况不符合或者不符合监管要求的选项。因此，正确答案应该是：\n\nC. ⼄涉嫌将含⿇黄碱类复方制剂流入非法渠道\n\n因为题目中并没有提到企业将这些特定类型的药物流入非法渠道，而是指出了其超量销售以及缺乏有效控制措施等问题。",
        "question_type": "综合分析选择题",
        "groundtruth": "D",
        "model_choice": "C"
    },
    {
        "id": 50,
        "query": "\n你是一个药剂师考试能手，每次都考100分，这道题对你来说不在话下，深呼吸，并一步一步思考，并给出正确的答案。\n下面是一道综合分析选择题，请先详细分析问题，最后给出选项。\n题干：为规范药品零售环节经营⾏为，某地药品监督管理部门对辖区内药品零售企业开展监督检查。检查发现： （1）甲药品零售企业涉嫌从⾮法渠道购进药品，部分批号的阿卡波糖⽚不能提供购进发票，且经追测码查询，供货单位系某医疗机构：涉嫌违规经营⽶⾮司酮⽚。 （2）⼄药品零售企业屡次绕开计算机系统销售过期的盐酸⼆甲双胍缓释⽚、⼆甲双胍格列本脲胶囊等药品：计算机系统中有多条超数量销售含⿇黄碱类复⽅制剂的销售记录，其中最多⼀次销售了50盒，企业留存了本次销售的处⽅。\n107. 甲违规经营的⽶⾮司酮⽚，其药品种类是（）。\nA. ⽤于紧急避孕的⾮处⽅药\nB. 具有终⽌妊娠作⽤的药品\nC. 第⼆类精神药品\nD. 含兴奋剂药品\n",
        "model_answer": "首先，根据题干提供的信息，甲药品零售企业涉嫌违规经营⽶⾮司酮⽚。我们需要分析⽶⾮司酮⽚的药品种类是什么。\n\n根据常识和医药知识：\nA. ⽤于紧急避孕的⾮处⽅药 - 这类药物通常是紧急避孕药物，与题干中所述违规经营的情况不符。\nB. 具有终⽌妊娠作用的药品 - 这类药物通常是被称为堕胎药或者终止妊娠药物，也不符合题干中描述的情况。\nC. 第二类精神药品 - 这类精神用药一般不包括违规购进行为，并且在题干中并未提及与精神疾病相关的内容。\nD. 含兴奋剂成分的药品 - ⽶非司酮片属于含有兴奋剂成分（如甘油三硝酸酯）的心血管系统用药，主要用于治疗心绞痛等心脏疾病。\n\n因此，正确答案是：D. 含兴奋剂成分的药品。",
        "question_type": "综合分析选择题",
        "groundtruth": "B",
        "model_choice": "D"
    },
    {
        "id": 53,
        "query": "\n你是一个药剂师考试能手，每次都考100分，这道题对你来说不在话下，深呼吸，并一步一步思考，并给出正确的答案。\n下面是一道配伍选择题，请先详细分析问题，最后给出选项。\n57. 根据《药品经营质量管理规范》及其有关附录⽂件，属于保温箱特有的验证项⽬是（）。\nA. 测点终端安装数量及位置确认\nB. 测点终端参数与数据联动传输确认\nC. 运输最长时限验证\nD. 极端温度保温性能验证\n",
        "model_answer": "首先，根据题目要求是根据《药品经营质量管理规范》及其有关附录文件来确定保温箱特有的验证项目。在这种情况下，我们需要考虑保温箱在药品运输和存储中的重要性，以确保药品的质量和安全。\n\nA. 测点终端安装数量及位置确认 - 这个选项涉及到保温箱内部监测系统的设置，确保监测点的准确性和有效性。这是一个可能需要验证的项目。\n\nB. 测点终端参数与数据联动传输确认 - 这个选项指的是监测数据是否能够准确传输到相关系统中，并且与其他参数进行联动。也是一个可能需要验证的项目。\n\nC. 运输最长时限验证 - 这个选项涉及到保温箱在一定时间内能够维持所需温度条件，以确保药品在运输过程中不受影响。这也是一个可能需要验证的项目。\n\nD. 极端温度保温性能验证 - 这个选项指的是在极端环境条件下（比如极高或者极低温度）是否能够维持所需温度条件，以确保药品不受损坏。这也是一个可能需要验证的项目。\n\n综上所述，所有选项都有可能属于保温箱特有的验证项目。但根据常规做法，在实际应用中更重要且紧急、风险较大或者对产品质量直接影响较大等因素会被优先选择为验证对象。\n\n因此，正确答案无法明确确定，最好参考具体规范文件或实践经验来进一步判断。",
        "question_type": "配伍选择题",
        "groundtruth": "C",
        "model_choice": "D"
    },
    {
        "id": 55,
        "query": "\n你是一个药剂师考试能手，每次都考100分，这道题对你来说不在话下，深呼吸，并一步一步思考，并给出正确的答案。\n下面是一道最佳选择题，请先详细分析问题，最后给出选项。\n7. 关于环磷酰胺（化学结构如下）结构特点和应⽤的说法，错误的是（）。\nA. 环磷酰胺属于前药\nB. 磷酰基的引⼊使毒性升⾼\nC. 正常细胞内可转化为⽆毒代谢产物\nD. 属于氮芥类药物\nE. 临床⽤于抗肿瘤\n",
        "model_answer": "首先，让我们仔细分析每个说法：\n\nA. 环磷酰胺属于前药 - 正确。环磷酰胺是一种前药，需要在体内经过代谢才能发挥作用。\n\nB. 磷酰基的引入使毒性升高 - 正确。磷酰基的引入增加了环磷酰胺的毒性。\n\nC. 正常细胞内可转化为无毒代谢产物 - 错误。环磷酰胺可以被正常细胞内的鸟嘌呤核苷转移酶（ADA）代谢成有毒代谢产物，这也是其治疗原理之一。\n\nD. 属于氮芥类药物 - 正确。环磷酰胺属于氮芥类抗肿瘤药物。\n\nE. 临床用于抗肿瘤 - 正确。环磷酰胺在临床上被广泛应用于抗肿瘤治疗。\n\n因此，错误的说法是：C. 正常细胞内可转化为无毒代谢产物\n\n正确答案是：C.",
        "question_type": "最佳选择题",
        "groundtruth": "B",
        "model_choice": "C"
    },
    {
        "id": 56,
        "query": "\n你是一个药剂师考试能手，每次都考100分，这道题对你来说不在话下，深呼吸，并一步一步思考，并给出正确的答案。\n下面是一道最佳选择题，请先详细分析问题，最后给出选项。\n25. 下列符合化妆品管理要求的是（）。\nA. 特殊化妆品需经省级以上药品监督管理部门注册后⽅可⽣产、进⼜和经营\nB. 国产普通化妆品在上市销售后，向所在地省级药品监督管理部门备案\nC. 国家按照风险程度对化妆品、化妆品原料实⾏分类管理\nD. 已经注册的特殊化妆品在⽣产⼯艺、功效宣称等⽅⾯发⽣任何变化，注册⼈均应当向原注册部门申请变更注册\n",
        "model_answer": "首先，我们需要理解化妆品管理的基本要求和规定。根据我国《化妆品监督管理条例》，化妆品需要符合一系列管理要求才能上市销售。\n\n接下来逐个选项进行分析：\nA. 特殊化妆品需经省级以上药品监督管理部门注册后⽅可⽣产、进⼜和经营\n这个说法是正确的。特殊化妆品属于高风险产品，需要在相关药监部门注册备案后方可生产和销售。\n\nB. 国产普通化妆品在上市销售后，向所在地省级药品监督管理部门备案\n这个说法是错误的。国产普通化妆品在上市销售后，并不需要向省级药监部门备案，而是需要向所在地县级以上食品药品监管部门备案。\n\nC. 国家按照风险程度对化妆品、化妆品原料实行分类管理\n这个说法是正确的。根据风险程度不同，我国对化妆品和原料进行分类管理，以便更好地监管和保障消费者安全。\n\nD. 已经注册的特殊化妆品在生产工艺、功效宣称等方面发生任何变化，注册人均应当向原注册部门申请变更注册\n这个说法是正确的。如果已经注册的特殊化妆品在生产工艺或功效宣称等方面发生变化，必须向原注册部门申请变更注册以确保产品安全性。\n\n综上所述，符合化妆品管理要求的选项是：\nA. 特殊化妆品需经省级以上药品监督管理部门注册后⽅可⽣产、进⼜和经营\nC. 国家按照风险程度对化妆品、化妆品原料实行分类管理\nD. 已经注册的特殊化妆品在生产工艺、功效宣称等方面发生任何变化，注册人均应当向原注册部门申请变更注册",
        "question_type": "最佳选择题",
        "groundtruth": "C",
        "model_choice": "D"
    },
    {
        "id": 57,
        "query": "\n你是一个药剂师考试能手，每次都考100分，这道题对你来说不在话下，深呼吸，并一步一步思考，并给出正确的答案。\n下面是一道最佳选择题，请先详细分析问题，最后给出选项。\n4. 抗哮喘药沙丁胺醇的化学结构式如下，其化学⾻架属于（）。\nA. 芳基丙酸类\nB. 芳氧丙醇胺类\nC. ⼆氢吡啶类\nD. 苯⼆氮卓类\nE. 苯⼄醇胺类\n",
        "model_answer": "首先，我们需要看到题目中提到了抗哮喘药沙丁胺醇的化学结构式。在解答这道题之前，我们需要知道沙丁胺醇是一种β2-肾上腺素受体激动剂，常用于治疗哮喘和慢性阻塞性肺疾病。\n\n接下来，我们来分析沙丁胺醇的化学结构式。根据题目描述，它的化学结构应该属于某种类别。让我们仔细观察并分析每个选项：\n\nA. 芳基丙酸类 - 没有符合这个描述的部分\nB. 芳氧丙醇胺类 - 也没有符合这个描述的部分\nC. ⼆氢吡啶类 - 没有相关信息表明沙丁胺醇属于这一类\nD. 苯⼆氮卓类 - 这是一个可能的选择，因为β2-肾上腺素受体激动剂通常具有苯环结构\nE. 苯⼄醇胺类 - 也没有符合这个描述的部分\n\n因此，在给出以上选项中，最符合抗哮喘药沙丁胺醇的化学结构式特征的是：D. 苯⼆氮卓类。",
        "question_type": "最佳选择题",
        "groundtruth": "E",
        "model_choice": "D"
    },
    {
        "id": 58,
        "query": "\n你是一个药剂师考试能手，每次都考100分，这道题对你来说不在话下，深呼吸，并一步一步思考，并给出正确的答案。\n下面是一道配伍选择题，请先详细分析问题，最后给出选项。\n58. 头孢曲松钠与乳酸钠林格注射液直接混合，可导致（）。\nA. 产⽣⽓体\nB. 溶液变⾊\nC. 微浑浊或沉淀\nD. 产⽣胶状不溶物\nE. 药物分解、降解速度加快\n",
        "model_answer": "首先，头孢曲松钠是一种β-内酰胺类抗生素，乳酸钠林格注射液是一种碱性溶液。在药物配伍中，混合不当可能会导致药物的相互作用或化学反应发生。\n\n根据题目描述，头孢曲松钠与乳酸钠林格注射液直接混合可能会导致以下情况：\nC. 微浑浊或沉淀 - 两种药物在混合时可能发生沉淀现象。\nD. 产⽣胶状不溶物 - 可能会形成胶状的不溶性沉淀。\nE. 药物分解、降解速度加快 - 某些药物在特定条件下会加速分解或降解。\n\n因此，正确选项为：C. 微浑浊或沉淀；D. 产⽣胶状不溶物；E. 药物分解、降解速度加快。",
        "question_type": "配伍选择题",
        "groundtruth": "C",
        "model_choice": "E"
    },
    {
        "id": 61,
        "query": "\n你是一个药剂师考试能手，每次都考100分，这道题对你来说不在话下，深呼吸，并一步一步思考，并给出正确的答案。\n下面是一道最佳选择题，请先详细分析问题，最后给出选项。\n14. 属于长效β 肾上腺素受体激动剂，可⽤于哮喘长期维持治疗的药物是（）。2\nA. 噻托溴铵\nB. 特布他林\nC. 布地奈德\nD. 孟鲁司特\nE. 福莫特罗\n",
        "model_answer": "首先，这道题目考察的是针对哮喘长期维持治疗的药物中属于长效β肾上腺素受体激动剂的选项。在解答之前，我们需要了解一些基本知识：\n\n1. β肾上腺素受体激动剂分为短效和长效两种。长效β肾上腺素受体激动剂主要用于哮喘或慢性阻塞性肺疾病（COPD）的长期控制治疗。\n\n2. 噻托溴铵、特布他林、福莫特罗等药物属于β2-受体激动剂，其中噻托溴铵和福莫特罗为长效β2-受体激动剂。\n\n3. 布地奈德和孟鲁司特则不是β肾上腺素受体激动剂，它们分别属于类固醇类和白三烯受体拮抗剂。\n\n根据以上知识，正确答案应该是：\nA. 噻托溴铵\n\n因此，正确选项是 A. 噻托溴铵。",
        "question_type": "最佳选择题",
        "groundtruth": "E",
        "model_choice": "A"
    },
    {
        "id": 62,
        "query": "\n你是一个药剂师考试能手，每次都考100分，这道题对你来说不在话下，深呼吸，并一步一步思考，并给出正确的答案。\n下面是一道配伍选择题，请先详细分析问题，最后给出选项。\n48. ⽤于治疗⼲眼症的药物是（）。\nA. 聚⼄⼆醇滴眼液\nB. 硫酸阿托品眼⽤凝胶\nC. 雷珠单抗注射液\nD. ⽑果芸⾹碱滴眼液\nE. 丙美卡因滴眼液\n",
        "model_answer": "首先，我们需要了解每个选项的药物作用和适应症，然后根据这些信息来判断哪种药物是用于治疗干眼症的。\n\nA. 聚乙二醇滴眼液：聚乙二醇滴眼液常用于润滑干燥的眼睛，有助于缓解干眼症的症状。\n\nB. 硫酸阿托品眼用凝胶：硫酸阿托品主要用于散瞳和治疗青光眼，并不是治疗干眼症的药物。\n\nC. 雷珠单抗注射液：雷珠单抗通常用于治疗风湿性关节炎、类风湿性关节炎等自身免疫性相关的风湿性疾病，并非治疗干眼症的药物。\n\nD. 葡果芸香碱滴眼液：葡果芸香碱滴眼液可以增加泪液分泌，改善干眼情况，因此是一种常用于治疗干眼症的药物。\n\nE. 丙美卡因滴眼液：丙美卡因是一种局部麻醉药物，在手术前后或进行某些检查时使用，不适合治疗干眼症。\n\n综上所述，正确答案为 D. 葡果芸香碱滴眼液。",
        "question_type": "配伍选择题",
        "groundtruth": "A",
        "model_choice": "D"
    },
    {
        "id": 63,
        "query": "\n你是一个药剂师考试能手，每次都考100分，这道题对你来说不在话下，深呼吸，并一步一步思考，并给出正确的答案。\n下面是一道最佳选择题，请先详细分析问题，最后给出选项。\n33. 患者，⼥，28岁，因痤疮就诊，给予异维A酸胶囊。关于该患者⽤药教育的说法，错误的是（）。\nA. 治疗期间及停药后3个⽉内应做好避孕措施\nB. 治疗期间若发⽣⽪肤黏膜⼲燥，应减量或停药\nC. 不良反应常见，但停药后绝⼤多数可恢复\nD. 治疗最初2个⽉可能导致肝酶异常，必要时检查肝功能\nE. 部分患者⽤药2～4周时出现⼀过性⽪疹加重现象\n",
        "model_answer": "首先，我们需要分析每个选项的内容，然后确定哪一个是错误的。\n\nA. 治疗期间及停药后3个月内应做好避孕措施 - 这是正确的建议，因为异维A酸胶囊在治疗期间和停药后可能对胎儿造成危害，所以需要采取避孕措施。\n\nB. 治疗期间若发生皮肤黏膜干燥，应减量或停药 - 这也是合理的建议，因为皮肤黏膜干燥可能是药物不良反应的表现，需要调整用药方案。\n\nC. 不良反应常见，但停药后绝大多数可恢复 - 这是通常情况下的表现，大部分患者在停药后会逐渐恢复正常。\n\nD. 治疗最初2个月可能导致肝酶异常，必要时检查肝功能 - 这也是正确的指导原则，在使用异维A酸胶囊时需要关注患者的肝功能。\n\nE. 部分患者用药2～4周时出现一过性皮疹加重现象 - 这也是可能发生的不良反应之一。 \n\n根据以上分析可知，选项C中“不良反应常见，但停药后绝大多数可恢复”并非错误说法。因此答案为C。",
        "question_type": "最佳选择题",
        "groundtruth": "B",
        "model_choice": "C"
    },
    {
        "id": 66,
        "query": "\n你是一个药剂师考试能手，每次都考100分，这道题对你来说不在话下，深呼吸，并一步一步思考，并给出正确的答案。\n下面是一道综合分析选择题，请先详细分析问题，最后给出选项。\n题干：患者，男，58岁，有⾼⾎压、冠⼼病、⾼脂⾎症、便秘、⾻关节炎和胃溃疡病史，2年前接受冠脉⽀架植⼊术。近⽇，患者先后在⼼内科、消化科、⾻科就诊，开具药品如下：\n98. 关于该患者药物治疗⽅案的说法，错误的是（）。\nA. 美托洛尔会影响阿司匹林的抗⾎⼩板活性，应停⽤\nB. 阿托伐他汀钙⽤于冠⼼病的治疗，需长期规律⽤药\nC. 如⼤便次数规律（如每⽇1次），聚⼄⼆醇4000散可按需使⽤\nD. 同时使⽤双氯芬酸钠与阿司匹林会增加消化道出⾎风险，两药不宜合⽤\nE. 麝⾹保⼼丸和复⽅丹参⽚均属活⾎剂，选⽤其中⼀种即可\n",
        "model_answer": "首先，我们需要仔细分析患者的病史和开具的药品清单。\n\n患者的病史包括高血压、冠心病、高脂血症、便秘、关节炎和胃溃疡，并且曾在两年前接受过冠脉支架植入术。根据这些病史，可以看出患者存在多种慢性疾病，需要综合治疗。\n\n药品清单中包括美托洛尔（用于高血压）、阿托伐他汀钙（用于降低胆固醇）、聚乙二醇4000散（用于缓解便秘）、双氯芬酸钠（用于消化道问题）和阿司匹林等药物。同时还提到了麝香保心丸和复方丹参片属于活血剂。\n\n现在我们来逐个分析选项：\nA. 美托洛尔会影响阿司匹林的抗血小板活性，应停用 - 正确，因为美托洛尔可能减弱阿司匹林的作用。\nB. 阿托伐他汀钙用于冠心病的治疗，需长期规律使用 - 正确，因为降低胆固醇需要长期规律服用。\nC. 如大便次数规律（如每天1次），聚乙二醇4000散可按需使用 - 正确，聚乙二醇是一种常见的缓解便秘药物。\nD. 同时使用双氯芬酸钠与阿司匹林会增加消化道出血风险，两药不宜合用 - 正确，因为这两种药物都有可能导致消化道问题。\nE. 麝香保心丸和复方丹参片均属活血剂，选择其中一种即可 - 错误，在中医理论中虽然都属于活血剂类别，但具体应根据患者情况来选择最适合的。\n\n综上所述，在该患者药物治疗方案中错误的说法是：E. 麝香保心丸和复方丹参片均属活血剂，选择其中一种即可。",
        "question_type": "综合分析选择题",
        "groundtruth": "A",
        "model_choice": "E"
    },
    {
        "id": 68,
        "query": "\n你是一个药剂师考试能手，每次都考100分，这道题对你来说不在话下，深呼吸，并一步一步思考，并给出正确的答案。\n下面是一道配伍选择题，请先详细分析问题，最后给出选项。\n99. 可被肝药酶CYP2C9和CYP3A4代谢，代谢产物仍具降压活性的ARB类药物是（）。\nA. 福⾟普利\nB. 缬沙坦\nC. 厄贝沙坦\nD. 氯沙坦\nE. 卡托普利\n",
        "model_answer": "首先，题目要求找出可被肝药酶CYP2C9和CYP3A4代谢，代谢产物仍具降压活性的ARB类药物。 \n\n在这里我们需要了解一些基本知识：\n- ARB（Angiotensin II Receptor Blocker）是一类抗高血压药物，通过阻断血管紧张素II对受体的结合来扩张血管、降低血压。\n- CYP2C9和CYP3A4是两种常见的肝脏代谢酶，参与许多药物的代谢过程。\n\n接下来我们分析选项：\nA. 福⾟普利 - 不属于ARB类药物\nB. 缬沙坦 - 属于ARB类药物，但是否符合题目要求需要进一步验证\nC. 厄贝沙坦 - 属于ARB类药物，但是否符合题目要求需要进一步验证\nD. 氯沙坦 - 不属于ARB类药物\nE. 卡托普利 - 不属于ARB类药物\n\n由于只有选项B和选项C是ARB类药物，接下来我们将进一步查证缬沙坦和厄贝沙坦是否能够被肝脏酶CYP2C9和CYP3A4代谢，并且代谢产物仍具有降压活性。\n\n综上所述，在经过详细分析后，正确答案应为：\n\nB. 缬沙坦",
        "question_type": "配伍选择题",
        "groundtruth": "D",
        "model_choice": "B"
    },
    {
        "id": 70,
        "query": "\n你是一个药剂师考试能手，每次都考100分，这道题对你来说不在话下，深呼吸，并一步一步思考，并给出正确的答案。\n下面是一道配伍选择题，请先详细分析问题，最后给出选项。\n52. 属于⿇醉药品的是（）。\nA. 氨酚待因⽚\nB. 氨酚氢可酮⽚\nC. 氢可酮\nD. 氯胺酮\n",
        "model_answer": "首先，题目考察的是药物的分类知识，其中涉及到麻醉药品。在这道题中，我们需要辨别哪些药物属于麻醉药品。\n\nA. 氨酚待因片：氨酚待因是一种镇痛药，不属于麻醉药品。\nB. 氨酚氢可酮片：氨酚氢可酮是一种镇痛药，也不属于麻醉药品。\nC. 氢可酮：氢可酮是一种镇静催眠类药物，在高剂量下可能有轻度的镇痛和抑制呼吸作用，但并非典型的麻醉药品。\nD. 氯胺酮：氯胺胶囊是一种强效的全身性静脉用局部⽤途外科手术前后给予患者全身性或局部性⼀定程度昏睡状态以利手术操作，并具有较弱的止痛作用。因此，氯胺胶囊属于⿇ 醉 荷.\n\n综上所述，答案为 D. 氯胺胶囊。",
        "question_type": "配伍选择题",
        "groundtruth": "C",
        "model_choice": "D"
    },
    {
        "id": 73,
        "query": "\n你是一个药剂师考试能手，每次都考100分，这道题对你来说不在话下，深呼吸，并一步一步思考，并给出正确的答案。\n下面是一道配伍选择题，请先详细分析问题，最后给出选项。\n67. 根据《处⽅管理办法》，为门诊⼀般患者开具头孢克洛缓释⽚，每张处⽅（）。\nA. 不得超过15⽇常⽤量\nB. 不得超过7⽇常⽤量\nC. 为⼀次常⽤量\nD. 不得超过3⽇常⽤量\n",
        "model_answer": "首先，根据《处方管理办法》，开具头孢克洛缓释片的处方应该注意患者的用药安全和合理用药原则。头孢克洛是一种抗生素，因此在开具处方时需要考虑其使用剂量和疗程。\n\n根据题目给出的选项：\nA. 不得超过15日常用量\nB. 不得超过7日常用量\nC. 为一次常用量\nD. 不得超过3日常用量\n\n答案应该是：D. 不得超过3日常用量\n\n这是因为头孢克洛属于抗生素类药物，在使用时需要谨慎控制使用剂量和疗程，以避免耐药性产生或其他不良反应发生。因此，每张处方中头孢克洛缓释片的开具数量不应超过3日的常用量，以确保患者在医生指导下正确使用，并减少不必要的风险。",
        "question_type": "配伍选择题",
        "groundtruth": "B",
        "model_choice": "D"
    },
    {
        "id": 75,
        "query": "\n你是一个药剂师考试能手，每次都考100分，这道题对你来说不在话下，深呼吸，并一步一步思考，并给出正确的答案。\n下面是一道多项选择题，请先详细分析问题，最后给出选项。\n113. 关于胃⾷管反流病患者应⽤含铝抗酸药⽤药教育的说法，正确的有（）。\nA. 长期服⽤可能会引起低磷⾎症\nB. 易引起腹泻\nC. 可快速缓解症状，对溃疡愈合⼏乎⽆作⽤\nD. 可增加⼼⾎管事件发⽣风险\nE. 与其他药物合⽤，通常要间隔2⼩时\n",
        "model_answer": "首先，胃食管反流病患者通常会使用含铝抗酸药来缓解症状。现在我们逐个分析选项：\n\nA. 长期服用可能会引起低磷血症 - 正确。长期服用含铝抗酸药可能导致铝与磷的代谢失调，从而引起低磷血症。\n\nB. 易引起腹泻 - 错误。一般情况下，含铝抗酸药不会引起腹泻。\n\nC. 可快速缓解症状，对溃疡愈合几乎无作用 - 错误。含铝抗酸药可以快速缓解胃食管反流所带来的不适，但对溃疡愈合也有一定作用。\n\nD. 可增加心血管事件发生风险 - 错误。含铝抗酸药一般不会增加心血管事件的发生风险。\n\nE. 与其他药物合用，通常要间隔2小时 - 正确。由于含铝抗酸药可能影响其他药物的吸收，因此通常需要和其他药物间隔2小时以上服用。\n\n综上所述，正确答案是：A和E。",
        "question_type": "多项选择题",
        "groundtruth": "ACE",
        "model_choice": "E"
    },
    {
        "id": 76,
        "query": "\n你是一个药剂师考试能手，每次都考100分，这道题对你来说不在话下，深呼吸，并一步一步思考，并给出正确的答案。\n下面是一道配伍选择题，请先详细分析问题，最后给出选项。\n84. 根据《国家药品监督管理局职能配置、内设机构和⼈员编制规定》及其有关规定，负责组织开展执业药师考前培训、继续教育的是（）。\nA. 国家药品监督管理局⾼级研修学院\nB. 国家药品监督管理局执业药师资格认证中⼼\nC. 国家药典委员会\nD. 国家药品监督管理局信息中⼼\n",
        "model_answer": "首先，我们需要明确这道题目考查的是关于执业药师考前培训和继续教育的相关规定。根据《国家药品监督管理局职能配置、内设机构和人员编制规定》，负责组织开展执业药师考前培训、继续教育的部门应该是与执业药师资格认证相关的机构。\n\n选项中，A. 国家药品监督管理局高级研修学院，D. 国家药品监督管理局信息中心并不直接涉及到执业药师资格认证或培训；C. 国家药典委员会主要负责国家药典的编纂工作，并非直接与执业药师考前培训、继续教育相关。\n\n因此，正确答案应该是B. 国家药品监督管理局执业药师资格认证中心，他们负责组织开展执业药师考前培训、继续教育。",
        "question_type": "配伍选择题",
        "groundtruth": "A",
        "model_choice": "B"
    },
    {
        "id": 77,
        "query": "\n你是一个药剂师考试能手，每次都考100分，这道题对你来说不在话下，深呼吸，并一步一步思考，并给出正确的答案。\n下面是一道最佳选择题，请先详细分析问题，最后给出选项。\n95520. 原形⽆效，需经代谢后产⽣活性的药物是（）。\nA. 甲苯磺丁脲\nB. 管萘洛尔\nC. 氯吡格雷\nD. 地西泮\nE. 丙⽶嗪\n",
        "model_answer": "首先，这道题目考察的是药物的代谢过程。在人体内，有些药物需要经过代谢才能转化为活性形式，起到治疗作用。因此，我们需要找出那种原形无效，需经代谢后产生活性的药物。\n\nA. 甲苯磺丁脲：属于利尿剂类药物，本身就是活性形式，并不需要代谢后才有效。\n\nB. 管萘洛尔：属于β受体阻滞剂类药物，在体内会经过代谢而产生活性代谢产物。\n\nC. 氯吡格雷：属于抗血小板聚集类药物，本身就是活性形式，并不需要代谢后才有效。\n\nD. 地西泮：属于苯二氮䓬类镇静安定药物，在体内会经过代谢而产生活性代谢产物。\n\nE. 丙咪嗪：属于抗精神病药物，本身就是活性形式，并不需要代谢后才有效。\n\n综上所述，选项B. 管萘洛尔符合题意，因为它是一种原形无效的药物，需经过代谕后才能产生活性。",
        "question_type": "最佳选择题",
        "groundtruth": "C",
        "model_choice": "B"
    },
    {
        "id": 79,
        "query": "\n你是一个药剂师考试能手，每次都考100分，这道题对你来说不在话下，深呼吸，并一步一步思考，并给出正确的答案。\n下面是一道多项选择题，请先详细分析问题，最后给出选项。\n2118. 患者，⼥，65岁。诊断为⾻质疏松症，给予鲑降钙素注射液治疗，⽤药期间需注意的事项有（）。\nA. 应当注意有⽆⽪下和⽛龈出⾎\nB. 必须补充⾜量的钙剂和维⽣素D\nC. 对蛋⽩质过敏者，使⽤前需做⽪肤敏感试验\nD. 可能出现低⾎糖反应\nE. 常出现⾯部潮红的不良反应\n",
        "model_answer": "首先，根据题目描述，患者是一位65岁的女性，诊断为骨质疏松症，正在接受鲑降钙素注射液治疗。我们需要注意的是关于这种药物的使用期间可能出现的事项。\n\nA. 应当注意有无皮下和牙龈出血 - 正确。由于鲑降钙素可以影响血液凝固功能，因此患者在用药期间需要密切观察是否有皮下和牙龈出血的情况发生。\n\nB. 必须补充足量的钙剂和维生素D - 正确。鲑降钙素会影响体内对钙质的代谢吸收，因此患者需要额外摄入足够的钙剂和维生素D来保持骨骼健康。\n\nC. 对蛋白质过敏者，使用前需做皮肤敏感试验 - 错误。通常对蛋白质过敏并不是使用该药物的禁忌条件，因此不需要进行皮肤敏感试验。\n\nD. 可能出现低血糖反应 - 错误。与该类药物一般没有明显相关性导致低血糖反应。\n\nE. 常出现面部潮红的不良反应 - 错误。虽然不良反应可能包括面部潮红，但并非常见且特定于该药物。\n\n综上所述，在给予鲑降钙素注射液治疗期间需注意的事项为：\nA. 应当注意有无皮下和牙龈出血\nB. 必须补充足量的钙剂和维生素D\n\n因此正确选项为：A、B",
        "question_type": "多项选择题",
        "groundtruth": "BCE",
        "model_choice": "AB"
    },
    {
        "id": 81,
        "query": "\n你是一个药剂师考试能手，每次都考100分，这道题对你来说不在话下，深呼吸，并一步一步思考，并给出正确的答案。\n下面是一道最佳选择题，请先详细分析问题，最后给出选项。\n40. 兼有抑菌作⽤的⿐⽤减充⾎剂是（）。\nA. 呋⿇滴⿐液\nB. 赛洛唑啉滴⿐液\nC. 羟甲唑啉⿐喷剂\nD. ⿇黄碱滴⿐液\nE. 左氧氟沙星滴⿐液\n",
        "model_answer": "首先，我们需要了解每个选项的药物成分和主要作用。然后根据题目要求选择具有抑菌作用的减充血剂。\n\nA. 呋⿇滴⿐液 - 主要成分为呋塞米，是一种利尿药，不具有抑菌作用。\nB. 赛洛唑啉滴⿐液 - 主要成分为赛洛唑啉，是一种抗真菌药物，具有抑菌作用。\nC. 羟甲唑啉⿐喷剂 - 主要成分为羟甲唑啉，也是一种抗真菌药物，具有抑菌作用。\nD. ⿇黄碱滴⿐液 - 主要成分为氢溴酸右旋多巴胺，主要用于心脏疾病治疗，不具有抑菌作用。\nE. 左氧氟沙星滴⿐液 - 主要成分为左氧氟沙星，是一种广谱抗生素，具有抗菌作用但不是典型的减充血剂。\n\n综上所述，选项B和C都含有具有抑菌作用的药物成分。因此正确答案应该是：\n\nB. 赛洛唑啉滴⿐液\nC. 羟甲唑啉⿐喷剂",
        "question_type": "最佳选择题",
        "groundtruth": "A",
        "model_choice": "C"
    },
    {
        "id": 83,
        "query": "\n你是一个药剂师考试能手，每次都考100分，这道题对你来说不在话下，深呼吸，并一步一步思考，并给出正确的答案。\n下面是一道配伍选择题，请先详细分析问题，最后给出选项。\n76. 氨氯地平的妊娠毒性分级是（）。\nA. X级\nB. A级\nC. C级\nD. D级\nE. B级\n",
        "model_answer": "首先，要了解氨氯地平是一种什么药物。氨氯地平是一种钙通道阻滞剂，常用于治疗高血压和心绞痛等心血管疾病。\n\n妊娠毒性分级是指在怀孕期间使用该药物可能对胎儿造成的影响程度。根据美国FDA（食品药品监督管理局）的分类，药物在怀孕期间的安全性可分为五个等级：\n\n- A级：人类研究表明无风险\n- B级：动物研究显示无风险；人类研究尚未证实或有限数据\n- C级：动物研究显示有害；人类研究尚未证实或有限数据\n- D级：人类资料显示可能有危害，但在某些情况下可能会使用\n- X级：绝对禁用\n\n根据以上信息，我们可以得出答案：\n76. 氨氯地平的妊娠毒性分级是D级。\n\n因此，正确选项为D. D级。",
        "question_type": "配伍选择题",
        "groundtruth": "C",
        "model_choice": "D"
    },
    {
        "id": 85,
        "query": "\n你是一个药剂师考试能手，每次都考100分，这道题对你来说不在话下，深呼吸，并一步一步思考，并给出正确的答案。\n下面是一道综合分析选择题，请先详细分析问题，最后给出选项。\n题干：秦某是⼀所中医药⼤学中医学专业硕⼠毕业⽣，已获得硕⼠学位，在校期间学过中药材知识和栽培技术，具有中药材辨识能⼒。临近毕业时，准备参加执业药师职业资格考试，但因专业⼯作年限不符合报名条件，未能参加考试。 秦某的⽼家在边远⼭区，交通不便，为解决家乡群众看病难题，毕业后主动返乡当村医。平时除给乡邻治病之外，还在⾃家地⾥种植地产中药材。\n95. 根据《中医药法》，关于秦某种植地产中药材的说法，正确的是（）。\nA. 销售给当地的中药饮⽚⽣产企业\nB. 将⾃产中药材加⼯成中药制剂⽅便村民使⽤\nC. 在其开设的诊所中煎汤药给村民治病\nD. 种植仅供⾃⽤的医疗⽤毒性中药材\n",
        "model_answer": "首先，我们需要注意到题干中提到了秦某具有中药材辨识能力，并且在自家地里种植地产中药材。根据《中医药法》，对于种植地产中药材的使用是有规定的。\n\nA. 销售给当地的中药饮片生产企业 - 这个选项并没有提及秦某是否有销售资质，也没有明确说明是否符合法律规定，因此不能确定其正确性。\n\nB. 将自产中药材加工成中药制剂方便村民使用 - 这个选项提到了将自产中药材加工成制剂方便使用，这是一个合理的做法，但仍需确认其是否符合相关法规。\n\nC. 在其开设的诊所中煎汤药给村民治病 - 这个选项涉及秦某在诊所中使用自己种植的中药材来治病，这也是一种常见做法。但同样需要考虑是否符合相关法规。\n\nD. 种植仅供自用的医疗用毒性中药材 - 这个选项提到了种植毒性中草药，然而并未提及具体情况下该如何使用。同时，《中医药法》对于种植和使用毒性物质会有更为严格的规定。\n\n综上分析可知，在题干描述下最符合《中医药法》规定的应该是：\n\nB. 将自产中药材加工成中药制剂方便村民使用\n\n因为这个选项涉及将自己种植的东西进行加工处理后再使用，更容易遵守相关法规。",
        "question_type": "综合分析选择题",
        "groundtruth": "C",
        "model_choice": "B"
    },
    {
        "id": 86,
        "query": "\n你是一个药剂师考试能手，每次都考100分，这道题对你来说不在话下，深呼吸，并一步一步思考，并给出正确的答案。\n下面是一道最佳选择题，请先详细分析问题，最后给出选项。\n30. 关于⽣物等效性研究的实施与样品采集的说法，正确的是（）。\nA. 通常采⽤受试制剂和参⽐制剂的单个最低规格制剂进⾏试验\nB. 从0时到最后⼀个样品采集时间t的曲线下⾯积与时间从0到⽆穷⼤的AUC之⽐通常应当达于70%\nC. 整个采样时间不少于3个末端消除半衰期\nD. 受试制剂与参⽐制剂药物含量的差值应⼩于2%\nE. ⼀般情况下，受试者试验前⾄少空腹8⼩时\n",
        "model_answer": "首先，我们需要了解什么是生物等效性研究。生物等效性研究是用来评估两种药物在体内的吸收、分布、代谢和排泄是否相同或相似的一种研究方法。如果两种药物在体内表现出相似的生物利用度，则它们可以被认为是生物等效的。\n\n现在让我们逐个分析选项：\nA. 通常采用受试制剂和参比制剂的单个最低规格制剂进行试验 - 这个说法不正确，通常会使用多个剂量级别进行试验。\nB. 从0时到最后一个样品采集时间t的曲线下面积与时间从0到无穷大的AUC之比通常应当达于70% - 这个说法也不正确，通常要求这个比值达到80-125%。\nC. 整个采样时间不少于3个末端消除半衰期 - 正确，通常要确保足够长的采样时间以覆盖药物在体内完全消除的过程。\nD. 受试制剂与参比制剂药物含量的差值应小于2% - 这是符合标准要求的，因为差异应该尽可能小。\nE. 一般情况下，受试者试验前至少空腹8小时 - 这也是正确的，在某些情况下需要空腹条件来减少干扰因素。\n\n综上所述，选项C和E是正确答案。",
        "question_type": "最佳选择题",
        "groundtruth": "C",
        "model_choice": "E"
    },
    {
        "id": 88,
        "query": "\n你是一个药剂师考试能手，每次都考100分，这道题对你来说不在话下，深呼吸，并一步一步思考，并给出正确的答案。\n下面是一道多项选择题，请先详细分析问题，最后给出选项。\n119. 属于碳青霉烯类的抗菌药物有（）。\nA. 亚胺培南\nB. 氨曲南\nC. 美罗培南\nD. 厄他培南\nE. ⽐阿培南\n",
        "model_answer": "首先，碳青霉烯类是一种广谱抗生素，主要用于治疗严重感染。在给出的选项中，亚胺培南、氨曲南、美罗培南、厄他培南和比阿培南都属于β-内酰胺类抗生素，但只有其中的一些属于碳青霉烯类。\n\n碳青霉烯类抗菌药物包括：亚胺培南（Imipenem）、美罗培南（Meropenem）、厄他培南（Ertapenem）等。\n\n因此，正确答案是：\nA. 亚胺培南\nC. 美罗培南\nD. 厄他培南\n\n所以选择：A、C、D",
        "question_type": "多项选择题",
        "groundtruth": "ACDE",
        "model_choice": "ACD"
    },
    {
        "id": 91,
        "query": "\n你是一个药剂师考试能手，每次都考100分，这道题对你来说不在话下，深呼吸，并一步一步思考，并给出正确的答案。\n下面是一道配伍选择题，请先详细分析问题，最后给出选项。\n88. 属于胰岛素增敏剂，具有噻唑烷⼆酮结构，通于治疗2型糖尿病的药物（）。\nA. 阿格列汀\nB. 罗格列酮\nC. 达格列净\nD. 格列吡嗪\nE. 那格列奈\n",
        "model_answer": "首先，这道题目考察的是胰岛素增敏剂中具有噻唑烷二酮结构的药物，用于治疗2型糖尿病。在配伍选择题中，我们需要了解每个选项代表的药物，并根据描述找出符合条件的正确选项。\n\nA. 阿格列汀：阿格列汀是一种二肽基肽酶-4（DPP-4）抑制剂，不属于胰岛素增敏剂。\n\nB. 罗格列酮：罗格列酮是一种苯乙醇衍生物，属于胰岛素增敏剂，但它并不具有噻唑烷二酮结构。\n\nC. 达格列净：达格列净是一种双重作用的药物，既可促进胰岛素释放又能提高外周组织对胰岛素的敏感性。它属于噻唑烷二酮类药物，也即属于胰岛素增敏剂。\n\nD. 格列吡嗪：格列吡嗪是一种噻唑啉衍生物，在此处描述中并未提及具有噻唑烷二酮结构。\n\nE. 那格列奈：那格列奈是一种辉石脒类药物，并非具有噻唑烷二酮结构的胰岛素增敏剂。\n\n因此，在给出的选项中，符合描述为 C. 达格列净。",
        "question_type": "配伍选择题",
        "groundtruth": "B",
        "model_choice": "C"
    },
    {
        "id": 92,
        "query": "\n你是一个药剂师考试能手，每次都考100分，这道题对你来说不在话下，深呼吸，并一步一步思考，并给出正确的答案。\n下面是一道配伍选择题，请先详细分析问题，最后给出选项。\n56. 根据《药品经营质量管理规范》及其有关附录⽂件，属于温湿度⾃动监测系统特有的验证项⽬是（）。\nA. 测点终端安装数量及位置确认\nB. 测点终端参数与数据联动传输确认\nC. 运输最长时限验证\nD. 极端温度保温性能验证\n",
        "model_answer": "首先，根据题目要求是根据《药品经营质量管理规范》及其有关附录文件，属于温湿度自动监测系统特有的验证项目。这意味着我们需要考虑温湿度自动监测系统的特点和验证需求。\n\nA. 测点终端安装数量及位置确认：这个选项主要涉及到安装过程中的具体细节，不属于温湿度自动监测系统特有的验证项目。\n\nB. 测点终端参数与数据联动传输确认：这个选项涉及到系统参数设置以及数据传输的准确性，符合温湿度自动监测系统特有的验证项目。\n\nC. 运输最长时限验证：这个选项是针对运输环节而非监测系统本身，不属于温湿度自动监测系统特有的验证项目。\n\nD. 极端温度保温性能验证：这个选项涉及到设备在极端条件下的工作性能，也符合温湿度自动监测系统特有的验证项目。\n\n因此，正确答案应为 B. 测点终端参数与数据联动传输确认 和 D. 极端温度保温性能验证。",
        "question_type": "配伍选择题",
        "groundtruth": "A",
        "model_choice": "D"
    },
    {
        "id": 93,
        "query": "\n你是一个药剂师考试能手，每次都考100分，这道题对你来说不在话下，深呼吸，并一步一步思考，并给出正确的答案。\n下面是一道配伍选择题，请先详细分析问题，最后给出选项。\n54. 长期应⽤⼴谱抗⽣素造成⼆重感染的不良反应属于（）。\nA. 特异质反应\nB. 停药反应\nC. 后遗效应\nD. 毒性反应\nE. 继发反应\n",
        "model_answer": "这道题是关于药物不良反应的分类，需要根据长期应用广谱抗生素造成二重感染的情况进行判断。\n\nA. 特异质反应：特异质反应是由于个体对药物过敏或者超敏导致的不良反应，通常在首次接触药物时发生，而非长期使用中。\n\nB. 停药反应：停药反应指患者在停止使用药物后出现的不良反应，与长期使用有关，但并不涉及到二重感染。\n\nC. 后遗效应：后遗效应通常是指治疗结束后仍然存在的影响或症状，并非由于长期使用引起的二重感染。\n\nD. 毒性反应：毒性反应是指药物本身对机体产生有害作用所引起的不良反应，可能包括细菌耐受性改变导致二重感染。\n\nE. 继发反应：继发反应是指由于原始不良反应而引起的新的不良事件。在这种情况下，如果原始不良事件是由广谱抗生素引起的二重感染，则继发反映也可能与之相关。\n\n因此，在这道题中，最适合选择的答案为 D. 毒性反应。",
        "question_type": "配伍选择题",
        "groundtruth": "E",
        "model_choice": "D"
    },
    {
        "id": 99,
        "query": "\n你是一个药剂师考试能手，每次都考100分，这道题对你来说不在话下，深呼吸，并一步一步思考，并给出正确的答案。\n下面是一道配伍选择题，请先详细分析问题，最后给出选项。\n48. 患者，男，54岁，因痛风服⽤⾮布司他，为增强降尿酸效果，可同时使⽤的药物是（）。\nA. 阿托伐他汀\nB. 甲巯咪唑\nC. 丙硫氧嘧啶\nD. 氢氯噻嗪\nE. 碳酸氢钠\n",
        "model_answer": "首先，我们需要考虑患者的病情和正在服用的药物。患者是一名54岁男性，正在服用非布司他治疗痛风。现在需要找到可以同时使用以增强降尿酸效果的药物。\n\n针对痛风的治疗，通常会选择利尿剂、降尿酸药物等进行治疗。在这种情况下，我们需要选择一种能够增强非布司他的降尿酸效果的药物。\n\nA. 阿托伐他汀：阿托伐他汀是一种降脂药物，主要用于降低胆固醇水平，并不直接影响尿酸代谢。\nB. 甲巯咪唑：甲巯咪唑是一种抑制尿酸生成的药物，可与非布司他联合使用来减少尿酸生成。\nC. 丙硫氧嘧啶：丙硫氧嘧啶也是一种降尿酸药物，在某些情况下可与非布司他联合使用以增强效果。\nD. 氢氯噻嗪：氢氯噻嗪是一种利尿剂，可以帮助排出体内多余的液体和盐分，但并不直接影响降低尿酸水平。\nE. 碳酸氢钠：碳酸氢钠主要用于调节体内PH值，并不能直接影响降低尿酸水平。\n\n因此，在这道题中，正确答案应该是 B. 甲巯咪唑。",
        "question_type": "配伍选择题",
        "groundtruth": "E",
        "model_choice": "B"
    }
]