[
    {
        "id": 1,
        "query": "\n作为一位卓越的药剂师专家，接下来你将参加中国2021年执业药师职业资格考试。\n以下是答题要求：\n1.不要一步到位，请step by step分析问题再给出正确答案。\n2.回答格式为“过程分析：（这部分展示一步一步的思考过程，文本不能出现ABCDEFGHIJK等之中的英文字母字符），答案：（这部分只输出选项对应的英文字母ABCDEFGHIJK等，不能含有中文）。例子：“过程分析：依据《药品管理法》第十三条规定，药品标签应注明药品通用名称、产品批号、有效期等信息，没有说明可以标注实际期限。答案：B”\n3.必须要给出正确的答案，不能因为条件不够不给出答案。\n现在考试开始，下面是一道考试试题，题型：多项选择题，题目：112. 患者，男，70岁，因抑郁症长期服⽤舍曲林。新诊断为帕⾦森病，宜选⽤的药物有（）。，选项：A. 司来吉兰\nB. 普拉克索\nC. ⾦刚烷胺\nD. 吡贝地尔\nE. 恩他卡朋。请根据你的专业知识进行分析，选择不少于2个的正确选项并按ABCD的字母顺序无间隔输出（如正确选项为C、B、A，则应该输出“ABC”）。\n",
        "model_answer": "过程分析：根据患者70岁，长期服用舍曲林，新诊断为帕金森病的情况，需要考虑药物之间的相互作用和适用性。舍曲林是一种选择性5-羟色胺再摄取抑制剂（SSRI），而帕金森病通常不推荐使用影响多巴胺系统的药物。因此，应该避免与舍曲林可能产生明显相互作用或加重帕金森病症状的药物。\n\n答案：CD",
        "question_type": "多项选择题",
        "groundtruth": "BCDE",
        "model_choice": "CD"
    },
    {
        "id": 2,
        "query": "\n作为一位卓越的药剂师专家，接下来你将参加中国2021年执业药师职业资格考试。\n以下是答题要求：\n1.不要一步到位，请step by step分析问题再给出正确答案。\n2.回答格式为“过程分析：（这部分展示一步一步的思考过程，文本不能出现ABCDEFGHIJK等之中的英文字母字符），答案：（这部分只输出选项对应的英文字母ABCDEFGHIJK等，不能含有中文）。例子：“过程分析：依据《药品管理法》第十三条规定，药品标签应注明药品通用名称、产品批号、有效期等信息，没有说明可以标注实际期限。答案：B”\n3.必须要给出正确的答案，不能因为条件不够不给出答案。\n现在考试开始，下面是一道考试试题，题型：最佳选择题，题目：2215. 可⽤于治疗蛔⾍病、蛲⾍病、钩⾍病和鞭⾍病的⼴谱驱⾍药物是（）。，选项：A. 甲硝唑\nB. 氯硝柳胺\nC. ⼄胺嗪\nD. 甲苯咪唑\nE. 三氯苯达唑。请根据你的专业知识进行分析，只选择1个最正确的答案并输出对应字母。\n",
        "model_answer": "过程分析：蛔虫病、蛲虫病、钩虫病和鞭虫病是常见的寄生虫感染疾病，治疗这些疾病通常需要使用驱虫药物。在给定的选项中，甲硝唑主要用于阿米巴性阿米巴性肝脓肿和其他阿米巴感染；氯硝柳胺主要用于阿米巴性肠道感染；盐酸哌替啶主要用于治疗原虫感染等。根据专业知识，可以确定最适合治疗蛔虫、蛲虫、钩虫和鞭虫感染的药物是三氯苯达唑（E）。因此，正确答案为：E\n\n答案：E",
        "question_type": "最佳选择题",
        "groundtruth": "D",
        "model_choice": "E"
    },
    {
        "id": 5,
        "query": "\n作为一位卓越的药剂师专家，接下来你将参加中国2021年执业药师职业资格考试。\n以下是答题要求：\n1.不要一步到位，请step by step分析问题再给出正确答案。\n2.回答格式为“过程分析：（这部分展示一步一步的思考过程，文本不能出现ABCDEFGHIJK等之中的英文字母字符），答案：（这部分只输出选项对应的英文字母ABCDEFGHIJK等，不能含有中文）。例子：“过程分析：依据《药品管理法》第十三条规定，药品标签应注明药品通用名称、产品批号、有效期等信息，没有说明可以标注实际期限。答案：B”\n3.必须要给出正确的答案，不能因为条件不够不给出答案。\n现在考试开始，下面是一道考试试题，题型：最佳选择题，题目：2. 影响药物制剂稳定性的⾮处⽅因素是（）。，选项：A. pH\nB. 温度\nC. 溶剂\nD. 离⼦强度\nE. 表⾯活性剂。请根据你的专业知识进行分析，只选择1个最正确的答案并输出对应字母。\n",
        "model_answer": "过程分析：影响药物制剂稳定性的非处方因素包括pH值、温度、溶剂、离子强度和表面活性剂。其中，pH值是指溶液中氢离子浓度的负对数，是影响药物溶解度和稳定性的重要因素之一。正确答案应为A. pH\n\n答案：A",
        "question_type": "最佳选择题",
        "groundtruth": "B",
        "model_choice": "A"
    },
    {
        "id": 6,
        "query": "\n作为一位卓越的药剂师专家，接下来你将参加中国2021年执业药师职业资格考试。\n以下是答题要求：\n1.不要一步到位，请step by step分析问题再给出正确答案。\n2.回答格式为“过程分析：（这部分展示一步一步的思考过程，文本不能出现ABCDEFGHIJK等之中的英文字母字符），答案：（这部分只输出选项对应的英文字母ABCDEFGHIJK等，不能含有中文）。例子：“过程分析：依据《药品管理法》第十三条规定，药品标签应注明药品通用名称、产品批号、有效期等信息，没有说明可以标注实际期限。答案：B”\n3.必须要给出正确的答案，不能因为条件不够不给出答案。\n现在考试开始，下面是一道考试试题，题型：最佳选择题，题目：9. 关于钠-葡萄糖协同转运蛋⽩-2（SLG-2）抑制剂达格列净作⽤特点和不良反应的说法，错误的是（）。，选项：A. 降糖效果受肾⼩球滤过的葡萄糖负荷的影响\nB. 降糖作⽤不依赖于胰岛B细胞的功能及机体对胰岛素的敏感性\nC. 适⽤于1型糖尿病或糖尿病酮症酸中毒\nD. 重度肾功能不全患者禁⽤\nE. 可降低⾎压，减轻体重。请根据你的专业知识进行分析，只选择1个最正确的答案并输出对应字母。\n",
        "model_answer": "过程分析：钠-葡萄糖协同转运蛋白-2（SLG-2）抑制剂达格列净是一种口服降糖药物，主要通过延缓肠道中的葡萄糖吸收和促进尿糖排泄来降低血糖水平。在选择正确答案之前，我们需要对每个说法进行分析：\nA. 降糖效果受肾小球滤过的葡萄糖负荷的影响 - 正确，达格列净的降糖效果与肾小球滤过的葡萄糖负荷有关。\nB. 降糖作用不依赖于胰岛B细胞的功能及机体对胰岛素的敏感性 - 错误，达格列净是通过增加尿液中的葡萄糖排泄来实现降血糖作用，因此与胰岛B细胞功能和机体对胰岛素敏感性相关。\nC. 适用于1型糖尿病或糖尿病酮症酸中毒 - 错误，达格列净主要适用于2型糖尿病患者。\nD. 重度肾功能不全患者禁止 - 正确，由于达格列净主要通过肾排泄，重度肾功能不全患者应禁用。\nE. 可降低血压，减轻体重 - 错误，达格列净并非主要用于治疗高血压或减轻体重。\n\n答案：B",
        "question_type": "最佳选择题",
        "groundtruth": "C",
        "model_choice": "B"
    },
    {
        "id": 7,
        "query": "\n作为一位卓越的药剂师专家，接下来你将参加中国2021年执业药师职业资格考试。\n以下是答题要求：\n1.不要一步到位，请step by step分析问题再给出正确答案。\n2.回答格式为“过程分析：（这部分展示一步一步的思考过程，文本不能出现ABCDEFGHIJK等之中的英文字母字符），答案：（这部分只输出选项对应的英文字母ABCDEFGHIJK等，不能含有中文）。例子：“过程分析：依据《药品管理法》第十三条规定，药品标签应注明药品通用名称、产品批号、有效期等信息，没有说明可以标注实际期限。答案：B”\n3.必须要给出正确的答案，不能因为条件不够不给出答案。\n现在考试开始，下面是一道考试试题，题型：配伍选择题，题目：66. 对于治疗严重危及⽣命且尚⽆有效治疗⼿段的疾病的药品，药物临床试验已有数据证实疗效并能预测其临床价值的，可以申请（）。，选项：A. 关联审评审批程序\nB. 简化审批程序\nC. 附条件批准程序\nD. 突破性治疗药物程序。请根据你的专业知识进行分析，只选择1个最正确的答案并输出对应字母。\n",
        "model_answer": "过程分析：根据药品临床试验已有数据证实疗效并能预测其临床价值的情况，可以申请突破性治疗药物程序，该程序适用于那些对于治疗严重危及生命且尚无有效治疗手段的疾病，并具有潜在的革命性治疗效果的药品。附条件批准程序是指在获得初步证据支持下，为满足急需、无其他替代药物可供选择或者作为其他特殊情况而需紧急上市的新药提供一种加速上市审评方式。简化审批程序则是针对已经在国外上市并被广泛应用、安全性和有效性已经充分验证的药品进行审批。关联审评审批程序是指多部门联合进行审核评估，不适用于这种情况。因此，正确答案为D. 突破性治疗药物程序。\n答案：D",
        "question_type": "配伍选择题",
        "groundtruth": "C",
        "model_choice": "D"
    },
    {
        "id": 9,
        "query": "\n作为一位卓越的药剂师专家，接下来你将参加中国2021年执业药师职业资格考试。\n以下是答题要求：\n1.不要一步到位，请step by step分析问题再给出正确答案。\n2.回答格式为“过程分析：（这部分展示一步一步的思考过程，文本不能出现ABCDEFGHIJK等之中的英文字母字符），答案：（这部分只输出选项对应的英文字母ABCDEFGHIJK等，不能含有中文）。例子：“过程分析：依据《药品管理法》第十三条规定，药品标签应注明药品通用名称、产品批号、有效期等信息，没有说明可以标注实际期限。答案：B”\n3.必须要给出正确的答案，不能因为条件不够不给出答案。\n现在考试开始，下面是一道考试试题，题型：综合分析选择题，题目：题干：雌⼆醇⼜服⼏乎⽆效，临床常⽤雌⼆醇贴⽚。近年来，随着微粒化技术问世，市⾯上亦出现了雌⼆醇⽚。某患者使⽤微粒化雌⼆醇⽚治疗雌激素缺乏综合征，每次2mg，每天服药⼀次，使⽤⼀段时间后，出现肝功能异常，后改⽤雌⼆醇贴⽚（每⽚2.5mg，每⽚可使⽤7⽇），不良反应消失。\n103. 雌⼆醇⽚属于⼩剂量⽚剂，应检查含量均匀度，根据《中国药典》规定，⼩剂量是指每⽚标⽰量⼩于（）。，选项：A. 25mg\nB. 1mg\nC. 5mg\nD. 10mg\nE. 50mg。请根据你的专业知识进行分析，只选择1个最正确的答案并输出对应字母。\n",
        "model_answer": "过程分析：根据《中国药典》规定，小剂量片剂是指每片标示量小于1g。而雌二醇片每片含量为2.5mg，明显小于1g，因此属于小剂量片剂。答案：B. 1mg",
        "question_type": "综合分析选择题",
        "groundtruth": "A",
        "model_choice": "B"
    },
    {
        "id": 10,
        "query": "\n作为一位卓越的药剂师专家，接下来你将参加中国2021年执业药师职业资格考试。\n以下是答题要求：\n1.不要一步到位，请step by step分析问题再给出正确答案。\n2.回答格式为“过程分析：（这部分展示一步一步的思考过程，文本不能出现ABCDEFGHIJK等之中的英文字母字符），答案：（这部分只输出选项对应的英文字母ABCDEFGHIJK等，不能含有中文）。例子：“过程分析：依据《药品管理法》第十三条规定，药品标签应注明药品通用名称、产品批号、有效期等信息，没有说明可以标注实际期限。答案：B”\n3.必须要给出正确的答案，不能因为条件不够不给出答案。\n现在考试开始，下面是一道考试试题，题型：综合分析选择题，题目：题干：舍曲林的化学结构如下，体内过程符合线性药动学特征，只有极少量（＜0.2%）以原形从尿中排泄，临床上常⽤剂量为50～200mg，每天给药⼀次。肝肾功能正常的某患者服⽤该药后的达峰时间约为5h，其消除半衰期约为24h，⾎浆蛋⽩结合率为98%。\n108. 舍曲林在体内主要代谢产物仍有活性，约为舍曲林的1/20，该主要代谢产物是（）。，选项：A. 3-羟基舍曲林\nB. 去甲氨基舍曲林\nC. 7-羟基舍曲林\nD. N-去甲基舍曲林\nE. 脱氯舍曲林。请根据你的专业知识进行分析，只选择1个最正确的答案并输出对应字母。\n",
        "model_answer": "过程分析：首先，根据题干所提供的信息，舍曲林在体内主要代谢产物仍有活性，约为舍曲林的1/20。这提示我们要找到一个与舍曲林具有活性、且量级大约是舍曲林的1/20的代谢产物。\n\n根据常识和药物代谢规律，通常药物在体内会被代谢成更容易排泄的水溶性代谢产物。因此，在选项中应选择一个可能具有活性、同时又是舍曲林主要代谢产物的水溶性化合物。\n\n答案：A. 3-羟基舍曲林",
        "question_type": "综合分析选择题",
        "groundtruth": "D",
        "model_choice": "A"
    },
    {
        "id": 11,
        "query": "\n作为一位卓越的药剂师专家，接下来你将参加中国2021年执业药师职业资格考试。\n以下是答题要求：\n1.不要一步到位，请step by step分析问题再给出正确答案。\n2.回答格式为“过程分析：（这部分展示一步一步的思考过程，文本不能出现ABCDEFGHIJK等之中的英文字母字符），答案：（这部分只输出选项对应的英文字母ABCDEFGHIJK等，不能含有中文）。例子：“过程分析：依据《药品管理法》第十三条规定，药品标签应注明药品通用名称、产品批号、有效期等信息，没有说明可以标注实际期限。答案：B”\n3.必须要给出正确的答案，不能因为条件不够不给出答案。\n现在考试开始，下面是一道考试试题，题型：最佳选择题，题目：22. 关于药品标签、说明书管理的说法，错误的是（）。，选项：A. 同⼀药品上市许可持有⼈⽣产的同⼀药品，分别按处⽅药与⾮处⽅药管理的，⼆者包装颜⾊必须明显区别\nB. 由于包装尺⼨或者技术设备等原因，标签中的有效期⽆法标注“有效期⾄某年某⽉”的，可以标注有效期实际期限\nC. 对贮藏有特殊要求的药品，应当在标签的醒⽬位置注明\nD. 药品内标签⾄少应当标注药品通⽤名称、产品批号和有效期。请根据你的专业知识进行分析，只选择1个最正确的答案并输出对应字母。\n",
        "model_answer": "过程分析：首先，根据药品标签、说明书管理的相关规定，需要了解各个选项是否符合规定。选项A提到同一药品上市许可持有人生产的同一药品，按处方药与非处方药管理时，包装颜色必须明显区别。这是正确的要求，因为处方药和非处方药应当有明显区别以便患者正确使用。选项C提到对贮藏有特殊要求的药品，在标签醒目位置注明，也是符合规定的。选项D提到药品内标签至少应当标注通用名称、产品批号和有效期，这也是正确的规定。\n\n答案：B",
        "question_type": "最佳选择题",
        "groundtruth": "D",
        "model_choice": "B"
    },
    {
        "id": 12,
        "query": "\n作为一位卓越的药剂师专家，接下来你将参加中国2021年执业药师职业资格考试。\n以下是答题要求：\n1.不要一步到位，请step by step分析问题再给出正确答案。\n2.回答格式为“过程分析：（这部分展示一步一步的思考过程，文本不能出现ABCDEFGHIJK等之中的英文字母字符），答案：（这部分只输出选项对应的英文字母ABCDEFGHIJK等，不能含有中文）。例子：“过程分析：依据《药品管理法》第十三条规定，药品标签应注明药品通用名称、产品批号、有效期等信息，没有说明可以标注实际期限。答案：B”\n3.必须要给出正确的答案，不能因为条件不够不给出答案。\n现在考试开始，下面是一道考试试题，题型：配伍选择题，题目：51. 患者，⼥，28岁，已婚未育，因阴道分泌物增多伴瘙痒5天就诊。妇科检查见阴道内⼤量黄绿⾊泡沫样分泌物，有臭味，分泌物镜检见滴⾍。宜选⽤的药物是（）。，选项：A. 酮康唑乳膏\nB. 甲硝唑栓\nC. 雌三醇乳膏\nD. 硝酸咪康唑栓\nE. 氯康唑胶囊。请根据你的专业知识进行分析，只选择1个最正确的答案并输出对应字母。\n",
        "model_answer": "过程分析：根据患者的症状描述，主要表现为阴道分泌物增多伴瘙痒、黄绿色泡沫样分泌物，有臭味，并在镜检中发现滴虫。这些表现是典型的念珠菌性阴道炎的临床表现。因此，应选用对念珠菌有效的药物进行治疗。\n\n答案：A. 酮康唑乳膏",
        "question_type": "配伍选择题",
        "groundtruth": "B",
        "model_choice": "A"
    },
    {
        "id": 13,
        "query": "\n作为一位卓越的药剂师专家，接下来你将参加中国2021年执业药师职业资格考试。\n以下是答题要求：\n1.不要一步到位，请step by step分析问题再给出正确答案。\n2.回答格式为“过程分析：（这部分展示一步一步的思考过程，文本不能出现ABCDEFGHIJK等之中的英文字母字符），答案：（这部分只输出选项对应的英文字母ABCDEFGHIJK等，不能含有中文）。例子：“过程分析：依据《药品管理法》第十三条规定，药品标签应注明药品通用名称、产品批号、有效期等信息，没有说明可以标注实际期限。答案：B”\n3.必须要给出正确的答案，不能因为条件不够不给出答案。\n现在考试开始，下面是一道考试试题，题型：配伍选择题，题目：62. 药品质量标准中属于药物特性检查的项⽬是（）。，选项：A. 氯化物\nB. 细菌内毒素\nC. 有关物质\nD. 结晶性\nE. 熔点。请根据你的专业知识进行分析，只选择1个最正确的答案并输出对应字母。\n",
        "model_answer": "过程分析：药品质量标准中，药物特性检查主要包括对药物的理化性质和微生物污染情况等进行检查。氯化物、细菌内毒素、结晶性和熔点都是常见的药物特性检查项目，而有关物质比较笼统，不具体表明是哪一方面的检查项目。因此，最符合题目要求的是B. 细菌内毒素。\n\n答案：B",
        "question_type": "配伍选择题",
        "groundtruth": "D",
        "model_choice": "B"
    },
    {
        "id": 14,
        "query": "\n作为一位卓越的药剂师专家，接下来你将参加中国2021年执业药师职业资格考试。\n以下是答题要求：\n1.不要一步到位，请step by step分析问题再给出正确答案。\n2.回答格式为“过程分析：（这部分展示一步一步的思考过程，文本不能出现ABCDEFGHIJK等之中的英文字母字符），答案：（这部分只输出选项对应的英文字母ABCDEFGHIJK等，不能含有中文）。例子：“过程分析：依据《药品管理法》第十三条规定，药品标签应注明药品通用名称、产品批号、有效期等信息，没有说明可以标注实际期限。答案：B”\n3.必须要给出正确的答案，不能因为条件不够不给出答案。\n现在考试开始，下面是一道考试试题，题型：最佳选择题，题目：1. 为配制有效氯浓度为500mg/L的消毒剂10L，需要次氯酸钠溶液（有效氯浓度为6.0%）和纯化⽔的量分别是（）。，选项：A. 83mL和9917mL\nB. 830mL和9170mL\nC. 120mL和9880mL\nD. 150mL和9850mL\nE. 500mL和9500mL。请根据你的专业知识进行分析，只选择1个最正确的答案并输出对应字母。\n",
        "model_answer": "过程分析：首先计算需要的有效氯总量，即500mg/L * 10L = 5000mg。次氯酸钠溶液中含6.0%有效氯，所以需用的次氯酸钠溶液体积为5000mg / (6.0/100) = 83333.33mL ≈ 83mL。剩余纯化水的量为10L - 83mL = 9917mL。\n答案：A. 83mL和9917mL",
        "question_type": "最佳选择题",
        "groundtruth": "B",
        "model_choice": "A"
    },
    {
        "id": 17,
        "query": "\n作为一位卓越的药剂师专家，接下来你将参加中国2021年执业药师职业资格考试。\n以下是答题要求：\n1.不要一步到位，请step by step分析问题再给出正确答案。\n2.回答格式为“过程分析：（这部分展示一步一步的思考过程，文本不能出现ABCDEFGHIJK等之中的英文字母字符），答案：（这部分只输出选项对应的英文字母ABCDEFGHIJK等，不能含有中文）。例子：“过程分析：依据《药品管理法》第十三条规定，药品标签应注明药品通用名称、产品批号、有效期等信息，没有说明可以标注实际期限。答案：B”\n3.必须要给出正确的答案，不能因为条件不够不给出答案。\n现在考试开始，下面是一道考试试题，题型：多项选择题，题目：117. 药物代谢是机体对药物的处置过程，下列关于药物代谢的说法，正确的有（）。，选项：A. ⾮甾体抗炎药舒林酸结构中的甲基亚砜，经还原后的代谢物才具有活性\nB. 抗抑郁药丙⽶嗪结构中的⼆甲胺⽚段，经N-脱甲基后的代谢物失去活性\nC. 驱⾍药阿苯达唑结构中的丙硫醚，经S-氧化后的代谢物才具有活性\nD. 抗癫痫药苯妥英钠结构中的⼀个芳环，发⽣氧化代谢后产⽣羟基化的代谢物仍具有活性\nE. 解热镇痛药保泰松结构中的⼀个芳环，发⽣氧化代谢后产⽣羟基化的保泰松仍具有活性。请根据你的专业知识进行分析，选择不少于2个的正确选项并按ABCD的字母顺序无间隔输出（如正确选项为C、B、A，则应该输出“ABC”）。\n",
        "model_answer": "过程分析：药物代谢是机体对药物的处置过程，主要包括氧化、还原、水解和杂化等反应。根据药物结构的改变，有时候会导致活性的增强或减弱。现在我们逐一分析每个选项：\nA. 非甾体抗炎药舒林酸结构中的甲基亚砜，经还原后的代谢物才具有活性 - 这种说法是正确的，因为有些药物需要经过代谢反应后才具备活性。\nB. 抗抑郁药丙米嗪结构中的二甲胺片段，经N-脱甲基后的代谢物失去活性 - 这种说法也是正确的，因为有些药物在代谢后会失去活性。\nC. 驱虫药阿苯达唑结构中的丙硫醚，经S-氧化后的代谢物才具有活性 - 这种说法是错误的，因为通常驱虫药在代谢后并不会增加活性。\nD. 抗癫痫药苯妥英钠结构中的一个芳环，发生氧化代谢后产生羟基化的代谢物仍具有活性 - 这种说法是正确的，在某些情况下氧化代谢并不会影响到药物的活性。\nE. 解热镇痛药保泰松结构中的一个芳环，发生氧化代谢后产生羟基化的保泰松仍具有活性 - 这种说法也是正确的。\n\n综上所述，正确选项为ADE。答案：ADE",
        "question_type": "多项选择题",
        "groundtruth": "ACE",
        "model_choice": "ADE"
    },
    {
        "id": 21,
        "query": "\n作为一位卓越的药剂师专家，接下来你将参加中国2021年执业药师职业资格考试。\n以下是答题要求：\n1.不要一步到位，请step by step分析问题再给出正确答案。\n2.回答格式为“过程分析：（这部分展示一步一步的思考过程，文本不能出现ABCDEFGHIJK等之中的英文字母字符），答案：（这部分只输出选项对应的英文字母ABCDEFGHIJK等，不能含有中文）。例子：“过程分析：依据《药品管理法》第十三条规定，药品标签应注明药品通用名称、产品批号、有效期等信息，没有说明可以标注实际期限。答案：B”\n3.必须要给出正确的答案，不能因为条件不够不给出答案。\n现在考试开始，下面是一道考试试题，题型：最佳选择题，题目：8. 异丙托溴铵制剂处⽅如下。处⽅中枸橼酸⽤作（）。 【处⽅】 异丙托溴铵0.374g，⽆⽔⼄醇150g； HFA-134a844.6g，枸橼酸0.04g； 蒸馏⽔5.0g。，选项：A. 潜溶剂\nB. 防腐剂\nC. 助溶剂\nD. 抛射剂\nE. pH调节剂。请根据你的专业知识进行分析，只选择1个最正确的答案并输出对应字母。\n",
        "model_answer": "过程分析：根据处方中的成分，异丙托溴铵0.374g为主要药物成分，⽆⽔⼄醇150g为溶剂，HFA-134a844.6g为推动剂，枸橼酸0.04g可能是用作助溶剂。枸橼酸在制剂中通常被用作助溶剂来帮助其他药物成分更好地溶解。\n\n答案：C. 助溶剂",
        "question_type": "最佳选择题",
        "groundtruth": "E",
        "model_choice": "C"
    },
    {
        "id": 24,
        "query": "\n作为一位卓越的药剂师专家，接下来你将参加中国2021年执业药师职业资格考试。\n以下是答题要求：\n1.不要一步到位，请step by step分析问题再给出正确答案。\n2.回答格式为“过程分析：（这部分展示一步一步的思考过程，文本不能出现ABCDEFGHIJK等之中的英文字母字符），答案：（这部分只输出选项对应的英文字母ABCDEFGHIJK等，不能含有中文）。例子：“过程分析：依据《药品管理法》第十三条规定，药品标签应注明药品通用名称、产品批号、有效期等信息，没有说明可以标注实际期限。答案：B”\n3.必须要给出正确的答案，不能因为条件不够不给出答案。\n现在考试开始，下面是一道考试试题，题型：配伍选择题，题目：63. 表⽰药物在体内波动程度的参数是（）。，选项：A. Cmax\nB. DE\nC. MRT\nD. AUMC\nE. AUC。请根据你的专业知识进行分析，只选择1个最正确的答案并输出对应字母。\n",
        "model_answer": "过程分析：在药物体内动力学参数中，表示药物在体内波动程度的参数是AUC（曲线下面积）。AUC是指给药后血浆或血清中药物浓度随时间变化的曲线下的面积，代表了单位时间内体内总体暴露的药物量。因此，最正确的答案是E。\n答案：E",
        "question_type": "配伍选择题",
        "groundtruth": "A",
        "model_choice": "E"
    },
    {
        "id": 27,
        "query": "\n作为一位卓越的药剂师专家，接下来你将参加中国2021年执业药师职业资格考试。\n以下是答题要求：\n1.不要一步到位，请step by step分析问题再给出正确答案。\n2.回答格式为“过程分析：（这部分展示一步一步的思考过程，文本不能出现ABCDEFGHIJK等之中的英文字母字符），答案：（这部分只输出选项对应的英文字母ABCDEFGHIJK等，不能含有中文）。例子：“过程分析：依据《药品管理法》第十三条规定，药品标签应注明药品通用名称、产品批号、有效期等信息，没有说明可以标注实际期限。答案：B”\n3.必须要给出正确的答案，不能因为条件不够不给出答案。\n现在考试开始，下面是一道考试试题，题型：综合分析选择题，题目：题干：头孢呋⾟钠是⼀种半合成⼴谱抗⽣素，在⽔溶液中易降解，化学结构式如下。其药动学特征可⽤⼀室模型描述，半衰期约为1.1h，给药24h内，90%以上药物以原形从尿中排出。对肝肾功能正常的患者，临床上治疗肺炎时，每⽇三次，每次静脉注射剂量为0.5g。\n105. 某患者的表观分布容积为20L，每次静脉注射0.5g，则多次给药后的平均稳态⾎药浓度是（）。，选项：A. 75mg/L\nB. 4.96mg/L\nC. 3.13mg/L\nD. 119mg/L\nE. 2.5mg/L。请根据你的专业知识进行分析，只选择1个最正确的答案并输出对应字母。\n",
        "model_answer": "过程分析：首先，根据题干提供的信息，头孢呋⾟钠的半衰期约为1.1h，给药24h内90%以上药物以原形从尿中排出。根据一室模型，多次给药后的平均稳态浓度可通过以下公式计算：Css = Dose / (Cl x τ)，其中Css为平均稳态浓度，Dose为每次剂量（0.5g），Cl为总体外消除速率常数（k = 0.693 / t1/2），τ为给药间隔时间。\n\n首先计算总体外消除速率常数Cl：\nk = 0.693 / 1.1 ≈ 0.63 h^-1\n\n然后根据表观分布容积Vd = Cl x τ 计算消除速率常数Cl：\nVd = 20L\nCl = Vd / τ = 20L / 24h ≈ 0.83 L/h\n\n最后代入公式计算平均稳态浓度Css：\nCss = Dose / (Cl x τ) \n    ≈ 0.5g / (0.83 L/h * 24h)\n    ≈ 0.5g / 19.92\n    ≈ 0.025 mg/L \n\n答案：E. 2.5mg/L",
        "question_type": "综合分析选择题",
        "groundtruth": "B",
        "model_choice": "E"
    },
    {
        "id": 28,
        "query": "\n作为一位卓越的药剂师专家，接下来你将参加中国2021年执业药师职业资格考试。\n以下是答题要求：\n1.不要一步到位，请step by step分析问题再给出正确答案。\n2.回答格式为“过程分析：（这部分展示一步一步的思考过程，文本不能出现ABCDEFGHIJK等之中的英文字母字符），答案：（这部分只输出选项对应的英文字母ABCDEFGHIJK等，不能含有中文）。例子：“过程分析：依据《药品管理法》第十三条规定，药品标签应注明药品通用名称、产品批号、有效期等信息，没有说明可以标注实际期限。答案：B”\n3.必须要给出正确的答案，不能因为条件不够不给出答案。\n现在考试开始，下面是一道考试试题，题型：多项选择题，题目：116. 关于药物临床试验的说法，正确的有（）。，选项：A. Ⅲ期临床试验是治疗作⽤确证阶段\nB. Ⅳ期临床试验是新药上市前的应⽤研究阶段\nC. Ⅰ期临床试验是初步的临床药理学及⼈体安全性评价试验\nD. Ⅱ期临床试验是治疗作⽤初步评价阶段。请根据你的专业知识进行分析，选择不少于2个的正确选项并按ABCD的字母顺序无间隔输出（如正确选项为C、B、A，则应该输出“ABC”）。\n",
        "model_answer": "过程分析：根据药物临床试验的四期分类，Ⅰ期临床试验是初步的临床药理学及人体安全性评价试验，主要评估药物在人体内的代谢、吸收、排泄等特性以及对人体的安全性。Ⅱ期临床试验是治疗作用初步评价阶段，主要评估药物对患者病情的影响和疗效。Ⅲ期临床试验是治疗作用确证阶段，通过大规模样本进行随机双盲对照实验证明新药的有效性和安全性。Ⅳ期临床试验是新药上市前的应用研究阶段，主要观察新药在更广泛人群中使用时的长期疗效和安全性。\n\n答案：AC",
        "question_type": "多项选择题",
        "groundtruth": "ACD",
        "model_choice": "AC"
    },
    {
        "id": 30,
        "query": "\n作为一位卓越的药剂师专家，接下来你将参加中国2021年执业药师职业资格考试。\n以下是答题要求：\n1.不要一步到位，请step by step分析问题再给出正确答案。\n2.回答格式为“过程分析：（这部分展示一步一步的思考过程，文本不能出现ABCDEFGHIJK等之中的英文字母字符），答案：（这部分只输出选项对应的英文字母ABCDEFGHIJK等，不能含有中文）。例子：“过程分析：依据《药品管理法》第十三条规定，药品标签应注明药品通用名称、产品批号、有效期等信息，没有说明可以标注实际期限。答案：B”\n3.必须要给出正确的答案，不能因为条件不够不给出答案。\n现在考试开始，下面是一道考试试题，题型：最佳选择题，题目：33. 根据《药品管理法》，对未取得药品⽣产许可证⽣产、销售药品的情形，药品监督管理部门对其责令关闭，没收违法⽣产，销售的药品和违法所得，并处罚款。药品监督管理部门作出的该⾏为属于（）。，选项：A. ⾏政裁决\nB. ⾏政处分\nC. ⾏政处罚\nD. ⾏政强制。请根据你的专业知识进行分析，只选择1个最正确的答案并输出对应字母。\n",
        "model_answer": "过程分析：根据《药品管理法》，对未取得药品⽣产许可证⽣产、销售药品的情形，药品监督管理部门对其责令关闭，没收违法⽣产，销售的药品和违法所得，并处罚款。这种行为属于对违法行为采取的强制措施，目的是维护社会秩序和保护公众利益。因此，药品监督管理部门作出的该行为应属于“行政强制”。答案：D",
        "question_type": "最佳选择题",
        "groundtruth": "C",
        "model_choice": "D"
    },
    {
        "id": 31,
        "query": "\n作为一位卓越的药剂师专家，接下来你将参加中国2021年执业药师职业资格考试。\n以下是答题要求：\n1.不要一步到位，请step by step分析问题再给出正确答案。\n2.回答格式为“过程分析：（这部分展示一步一步的思考过程，文本不能出现ABCDEFGHIJK等之中的英文字母字符），答案：（这部分只输出选项对应的英文字母ABCDEFGHIJK等，不能含有中文）。例子：“过程分析：依据《药品管理法》第十三条规定，药品标签应注明药品通用名称、产品批号、有效期等信息，没有说明可以标注实际期限。答案：B”\n3.必须要给出正确的答案，不能因为条件不够不给出答案。\n现在考试开始，下面是一道考试试题，题型：配伍选择题，题目：92. 抑制尿酸⽣成的抗痛风药物是（）。，选项：A. 双氯芬酸\nB. 秋⽔仙碱\nC. 苯溴马隆\nD. 双醋瑞因\nE. ⾮布司他。请根据你的专业知识进行分析，只选择1个最正确的答案并输出对应字母。\n",
        "model_answer": "过程分析：抗痛风药物主要通过不同的机制来治疗痛风，其中抑制尿酸生成是一种重要的治疗策略。在给定的选项中，只有B. 秋水仙碱是一种可以抑制尿酸生成的药物，因此答案应选择B。\n答案：B",
        "question_type": "配伍选择题",
        "groundtruth": "E",
        "model_choice": "B"
    },
    {
        "id": 32,
        "query": "\n作为一位卓越的药剂师专家，接下来你将参加中国2021年执业药师职业资格考试。\n以下是答题要求：\n1.不要一步到位，请step by step分析问题再给出正确答案。\n2.回答格式为“过程分析：（这部分展示一步一步的思考过程，文本不能出现ABCDEFGHIJK等之中的英文字母字符），答案：（这部分只输出选项对应的英文字母ABCDEFGHIJK等，不能含有中文）。例子：“过程分析：依据《药品管理法》第十三条规定，药品标签应注明药品通用名称、产品批号、有效期等信息，没有说明可以标注实际期限。答案：B”\n3.必须要给出正确的答案，不能因为条件不够不给出答案。\n现在考试开始，下面是一道考试试题，题型：配伍选择题，题目：64. 属于⾃由基清除剂，⽤于治疗缺⾎性脑⾎管病的药物是（）。，选项：A. 尼莫地平\nB. 吡拉西坦\nC. 依达拉奉\nD. 多奈哌齐\nE. 尼麦⾓林。请根据你的专业知识进行分析，只选择1个最正确的答案并输出对应字母。\n",
        "model_answer": "过程分析：缺血性脑血管病是指由于脑供血不足引起的一组临床综合征，治疗时需要使用扩张脑血管以增加脑血流量。自由基清除剂可以通过清除体内自由基，减少氧化应激损伤，对缺血性脑血管病有一定的保护作用。在选项中，尼莫地平、吡拉西坦、依达拉奉和多奈哌齐都不属于自由基清除剂。而尼麦角林是一种自由基清除剂，可以用于治疗缺血性脑血管病。\n答案：E",
        "question_type": "配伍选择题",
        "groundtruth": "C",
        "model_choice": "E"
    },
    {
        "id": 34,
        "query": "\n作为一位卓越的药剂师专家，接下来你将参加中国2021年执业药师职业资格考试。\n以下是答题要求：\n1.不要一步到位，请step by step分析问题再给出正确答案。\n2.回答格式为“过程分析：（这部分展示一步一步的思考过程，文本不能出现ABCDEFGHIJK等之中的英文字母字符），答案：（这部分只输出选项对应的英文字母ABCDEFGHIJK等，不能含有中文）。例子：“过程分析：依据《药品管理法》第十三条规定，药品标签应注明药品通用名称、产品批号、有效期等信息，没有说明可以标注实际期限。答案：B”\n3.必须要给出正确的答案，不能因为条件不够不给出答案。\n现在考试开始，下面是一道考试试题，题型：最佳选择题，题目：30. 患者，⼥，58岁，⾼⾎压病史3年，服⽤氨氯地平控制⾎压。近1⽉来间断上腹痛，伴反酸，诊断为胃溃疡，Hp（＋），给予雷贝拉唑、克拉霉素、阿莫西林、枸橼酸铋钾进⾏Hp根除治疗。服药后患者⾃述⾆苔发⿊，⼜中有氨味，可能引起这种现象的药物是（）。，选项：A. 雷贝拉唑\nB. 克拉霉素\nC. 枸橼酸铋钾\nD. 阿莫西林\nE. 氨氯地平。请根据你的专业知识进行分析，只选择1个最正确的答案并输出对应字母。\n",
        "model_answer": "过程分析：根据患者服用药物后出现口腔异味和舌苔发黑的症状，结合药物副作用知识进行分析。氨味可能是由于克拉霉素引起的口腔异味，而舌苔发黑可能是由于枸橼酸铋钾引起的。因此，最可能引起这种现象的药物是B. 克拉霉素。\n\n答案：B",
        "question_type": "最佳选择题",
        "groundtruth": "C",
        "model_choice": "B"
    },
    {
        "id": 35,
        "query": "\n作为一位卓越的药剂师专家，接下来你将参加中国2021年执业药师职业资格考试。\n以下是答题要求：\n1.不要一步到位，请step by step分析问题再给出正确答案。\n2.回答格式为“过程分析：（这部分展示一步一步的思考过程，文本不能出现ABCDEFGHIJK等之中的英文字母字符），答案：（这部分只输出选项对应的英文字母ABCDEFGHIJK等，不能含有中文）。例子：“过程分析：依据《药品管理法》第十三条规定，药品标签应注明药品通用名称、产品批号、有效期等信息，没有说明可以标注实际期限。答案：B”\n3.必须要给出正确的答案，不能因为条件不够不给出答案。\n现在考试开始，下面是一道考试试题，题型：配伍选择题，题目：47. 根据《中共中央国务院关于深化医疗保障制度改⾰的意见》，⼒争到2030年全⾯建成多层次医疗保障制度体系，多层次医疗保障制度体系中发挥托底作⽤的是（）。，选项：A. 补充医疗保险\nB. 医疗互助\nC. 医疗救助\nD. 基本医疗保险。请根据你的专业知识进行分析，只选择1个最正确的答案并输出对应字母。\n",
        "model_answer": "过程分析：根据《中共中央国务院关于深化医疗保障制度改⾰的意见》，力争到2030年全面建成多层次医疗保障制度体系，多层次医疗保障制度体系中发挥托底作用的应该是能够为基本医疗需求提供覆盖的部分。基本医疗保险在医疗保障体系中通常起到最基础、最核心的作用，承担着为人们提供基本医疗服务的责任。因此，答案应选择D. 基本医疗保险。\n答案：D",
        "question_type": "配伍选择题",
        "groundtruth": "C",
        "model_choice": "D"
    },
    {
        "id": 37,
        "query": "\n作为一位卓越的药剂师专家，接下来你将参加中国2021年执业药师职业资格考试。\n以下是答题要求：\n1.不要一步到位，请step by step分析问题再给出正确答案。\n2.回答格式为“过程分析：（这部分展示一步一步的思考过程，文本不能出现ABCDEFGHIJK等之中的英文字母字符），答案：（这部分只输出选项对应的英文字母ABCDEFGHIJK等，不能含有中文）。例子：“过程分析：依据《药品管理法》第十三条规定，药品标签应注明药品通用名称、产品批号、有效期等信息，没有说明可以标注实际期限。答案：B”\n3.必须要给出正确的答案，不能因为条件不够不给出答案。\n现在考试开始，下面是一道考试试题，题型：配伍选择题，题目：94. 既有黏痰溶解作⽤，还有解救对⼄酰氨基酚中毒作⽤的药物是（）。，选项：A. ⼄酰半胱氨酸\nB. 氯化铵\nC. 氨溴索\nD. 右美沙芬\nE. 可待因。请根据你的专业知识进行分析，只选择1个最正确的答案并输出对应字母。\n",
        "model_answer": "过程分析：根据题干描述，需要找到一种药物既具有黏痰溶解作用，又能解救对对乙酰氨基酚中毒的药物。首先，黏痰溶解作用通常由祛痰药物来实现，而对乙酰氨基酚是解热镇痛药，过量服用会导致肝脏损伤和中毒。因此，我们需要找到一种可以同时处理这两种不同情况的药物。在选项中，只有右美沙芬是一种镇咳祛痰药，可以帮助溶解黏液，并且在一定程度上可逆转对乙酰氨基酚的肝脏损伤。因此，答案应该是D. 右美沙芬。\n答案：D",
        "question_type": "配伍选择题",
        "groundtruth": "A",
        "model_choice": "D"
    },
    {
        "id": 39,
        "query": "\n作为一位卓越的药剂师专家，接下来你将参加中国2021年执业药师职业资格考试。\n以下是答题要求：\n1.不要一步到位，请step by step分析问题再给出正确答案。\n2.回答格式为“过程分析：（这部分展示一步一步的思考过程，文本不能出现ABCDEFGHIJK等之中的英文字母字符），答案：（这部分只输出选项对应的英文字母ABCDEFGHIJK等，不能含有中文）。例子：“过程分析：依据《药品管理法》第十三条规定，药品标签应注明药品通用名称、产品批号、有效期等信息，没有说明可以标注实际期限。答案：B”\n3.必须要给出正确的答案，不能因为条件不够不给出答案。\n现在考试开始，下面是一道考试试题，题型：多项选择题，题目：111. 据执业药师注册管理的相关规定，取得执业药师职业资格证书并经注册后⽅可执业，下列属于执业单位的有（）。，选项：A. 药品连锁企业总部\nB. 药品检验机构\nC. 药品批发企业\nD. 医疗机构。请根据你的专业知识进行分析，选择不少于2个的正确选项并按ABCD的字母顺序无间隔输出（如正确选项为C、B、A，则应该输出“ABC”）。\n",
        "model_answer": "过程分析：根据执业药师注册管理相关规定，取得执业药师职业资格证书并经注册后才能执业。执业单位包括药品连锁企业总部、药品检验机构、药品批发企业和医疗机构。因此，正确选项为A、B、C、D。\n\n答案：ABCD",
        "question_type": "多项选择题",
        "groundtruth": "ACD",
        "model_choice": "ABCD"
    },
    {
        "id": 43,
        "query": "\n作为一位卓越的药剂师专家，接下来你将参加中国2021年执业药师职业资格考试。\n以下是答题要求：\n1.不要一步到位，请step by step分析问题再给出正确答案。\n2.回答格式为“过程分析：（这部分展示一步一步的思考过程，文本不能出现ABCDEFGHIJK等之中的英文字母字符），答案：（这部分只输出选项对应的英文字母ABCDEFGHIJK等，不能含有中文）。例子：“过程分析：依据《药品管理法》第十三条规定，药品标签应注明药品通用名称、产品批号、有效期等信息，没有说明可以标注实际期限。答案：B”\n3.必须要给出正确的答案，不能因为条件不够不给出答案。\n现在考试开始，下面是一道考试试题，题型：配伍选择题，题目：84. 中毒解救需灌肠时，宜选⽤的灌肠液是（）。，选项：A. 硫酸镁溶液\nB. 淀粉溶液\nC. 植物油\nD. ⾼锰酸钾溶液（1:5000～1:10000）\nE. 1%肥皂⽔。请根据你的专业知识进行分析，只选择1个最正确的答案并输出对应字母。\n",
        "model_answer": "过程分析：中毒解救需要进行灌肠时，目的是通过灌入液体来促使排泄或吸附毒物，从而减少毒物在胃肠道内的吸收。根据常规药物应用知识，硫酸镁溶液是一种常用的灌肠液，可以通过渗透作用促进水和电解质的排出，有助于解毒。因此，正确答案为A. 硫酸镁溶液。\n\n答案：A",
        "question_type": "配伍选择题",
        "groundtruth": "E",
        "model_choice": "A"
    },
    {
        "id": 44,
        "query": "\n作为一位卓越的药剂师专家，接下来你将参加中国2021年执业药师职业资格考试。\n以下是答题要求：\n1.不要一步到位，请step by step分析问题再给出正确答案。\n2.回答格式为“过程分析：（这部分展示一步一步的思考过程，文本不能出现ABCDEFGHIJK等之中的英文字母字符），答案：（这部分只输出选项对应的英文字母ABCDEFGHIJK等，不能含有中文）。例子：“过程分析：依据《药品管理法》第十三条规定，药品标签应注明药品通用名称、产品批号、有效期等信息，没有说明可以标注实际期限。答案：B”\n3.必须要给出正确的答案，不能因为条件不够不给出答案。\n现在考试开始，下面是一道考试试题，题型：最佳选择题，题目：13. 两药同时使⽤时，⼀个药物可通过诱导体内⽣化反应⽽使另⼀个药物的药效降低。下列药物同时使⽤时，会发⽣这种相互作⽤的是（）。，选项：A. β受体阻断药阿替洛尔与利尿药氢氯噻嗪\nB. 抗痛风药丙磺舒与青霉素\nC. 解热镇痛药阿司匹林与对⼄酰氨基酚\nD. 抗菌药磺胺甲与甲氧苄啶\nE. 抗癫痫药苯巴⽐妥与避孕药。请根据你的专业知识进行分析，只选择1个最正确的答案并输出对应字母。\n",
        "model_answer": "过程分析：根据题干描述，两药同时使用时，一个药物通过诱导体内生化反应而使另一个药物的药效降低。这种情况通常是由于一种药物促进了肝酶系统的活性，导致另一种药物代谢加速，从而减少其在体内的有效浓度。因此，我们需要找到其中一对药物中，一个具有诱导肝酶系统作用的特性。  \n\n答案：A. β受体阻断药阿替洛尔与利尿药氢氯噻嗪",
        "question_type": "最佳选择题",
        "groundtruth": "E",
        "model_choice": "A"
    },
    {
        "id": 46,
        "query": "\n作为一位卓越的药剂师专家，接下来你将参加中国2021年执业药师职业资格考试。\n以下是答题要求：\n1.不要一步到位，请step by step分析问题再给出正确答案。\n2.回答格式为“过程分析：（这部分展示一步一步的思考过程，文本不能出现ABCDEFGHIJK等之中的英文字母字符），答案：（这部分只输出选项对应的英文字母ABCDEFGHIJK等，不能含有中文）。例子：“过程分析：依据《药品管理法》第十三条规定，药品标签应注明药品通用名称、产品批号、有效期等信息，没有说明可以标注实际期限。答案：B”\n3.必须要给出正确的答案，不能因为条件不够不给出答案。\n现在考试开始，下面是一道考试试题，题型：配伍选择题，题目：42. 根据《药品经营质量管理规范》，测量范围在－25℃～0℃之间的温湿度监测系统，测量设备的温度最⼤允许误差为（）。，选项：A. ±2.0℃\nB. ±0.5℃\nC. ±0.1℃\nD. ±1.0℃。请根据你的专业知识进行分析，只选择1个最正确的答案并输出对应字母。\n",
        "model_answer": "过程分析：根据《药品经营质量管理规范》，对于测量范围在-25℃～0℃之间的温湿度监测系统，温度的最大允许误差应该尽可能小，以确保监测结果的准确性。一般来说，对于这样较为严格的要求，通常会选择温度最大允许误差比较小的选项。\n\n答案：C. ±0.1℃",
        "question_type": "配伍选择题",
        "groundtruth": "D",
        "model_choice": "C"
    },
    {
        "id": 47,
        "query": "\n作为一位卓越的药剂师专家，接下来你将参加中国2021年执业药师职业资格考试。\n以下是答题要求：\n1.不要一步到位，请step by step分析问题再给出正确答案。\n2.回答格式为“过程分析：（这部分展示一步一步的思考过程，文本不能出现ABCDEFGHIJK等之中的英文字母字符），答案：（这部分只输出选项对应的英文字母ABCDEFGHIJK等，不能含有中文）。例子：“过程分析：依据《药品管理法》第十三条规定，药品标签应注明药品通用名称、产品批号、有效期等信息，没有说明可以标注实际期限。答案：B”\n3.必须要给出正确的答案，不能因为条件不够不给出答案。\n现在考试开始，下面是一道考试试题，题型：多项选择题，题目：120. 审⽅时要关注中西药联⽤的情况，下列药品中含有西药成分的有（）。，选项：A. ⿐炎康⽚\nB. 珍菊降压⽚\nC. 防风通圣丸\nD. 蛇胆川贝液\nE. 消渴丸。请根据你的专业知识进行分析，选择不少于2个的正确选项并按ABCD的字母顺序无间隔输出（如正确选项为C、B、A，则应该输出“ABC”）。\n",
        "model_answer": "过程分析：审方时需要关注中西药联用情况，因此需要筛选出含有西药成分的药品。 \nA. ⿐炎康⽚：这是一种中成药，不含有西药成分。\nB. 珍菊降压⽚：这是一种中成药，不含有西药成分。\nC. 防风通圣丸：这是一种中成药，不含有西药成分。\nD. 蛇胆川贝液：蛇胆川贝液属于中药制剂，不含有西药成分。\nE. 消渴丸：消渴丸为传统中医名方，也不含有西药成分。\n\n根据以上分析可知，没有任何一个选项中含有西药成分。所以正确答案应该是空的。\n\n答案：无",
        "question_type": "多项选择题",
        "groundtruth": "ABE",
        "model_choice": "E"
    },
    {
        "id": 49,
        "query": "\n作为一位卓越的药剂师专家，接下来你将参加中国2021年执业药师职业资格考试。\n以下是答题要求：\n1.不要一步到位，请step by step分析问题再给出正确答案。\n2.回答格式为“过程分析：（这部分展示一步一步的思考过程，文本不能出现ABCDEFGHIJK等之中的英文字母字符），答案：（这部分只输出选项对应的英文字母ABCDEFGHIJK等，不能含有中文）。例子：“过程分析：依据《药品管理法》第十三条规定，药品标签应注明药品通用名称、产品批号、有效期等信息，没有说明可以标注实际期限。答案：B”\n3.必须要给出正确的答案，不能因为条件不够不给出答案。\n现在考试开始，下面是一道考试试题，题型：综合分析选择题，题目：题干：为规范药品零售环节经营⾏为，某地药品监督管理部门对辖区内药品零售企业开展监督检查。检查发现： （1）甲药品零售企业涉嫌从⾮法渠道购进药品，部分批号的阿卡波糖⽚不能提供购进发票，且经追测码查询，供货单位系某医疗机构：涉嫌违规经营⽶⾮司酮⽚。 （2）⼄药品零售企业屡次绕开计算机系统销售过期的盐酸⼆甲双胍缓释⽚、⼆甲双胍格列本脲胶囊等药品：计算机系统中有多条超数量销售含⿇黄碱类复⽅制剂的销售记录，其中最多⼀次销售了50盒，企业留存了本次销售的处⽅。\n109. 针对⼄违规销售含⿇黄碱类复⽅制剂的⾏为，下列检查结论错误的是（）。，选项：A. ⼄的计算机系统未有效拦截含特殊药品复⽅制剂超数量销售\nB. ⼄配备的执业药师未严格履⾏处⽅审核职责\nC. ⼄涉嫌将含⿇黄碱类复⽅制剂流⼊⾮法渠道\nD. ⼄未对违规超量售出含⿇黄碱类复⽅制剂发起药品追回。请根据你的专业知识进行分析，只选择1个最正确的答案并输出对应字母。\n",
        "model_answer": "过程分析：根据题干描述，药品零售企业存在违规销售含特殊药品复方制剂的行为。针对这种情况，应该从以下几个方面进行分析：\nA. 电脑系统未有效拦截超数量销售记录可能是因为系统设置不当或者存在漏洞。\nB. 执业药师未严格履行处方审核职责可能导致违规销售。\nC. 将含特殊药品流入非法渠道会增加药品被滥用的风险。\nD. 不对违规超量售出的药品进行追回可能会导致继续在市场上流通。\n\n综合考虑，对于违规销售含特殊药品复方制剂的行为，最重要的是保障患者用药安全和遵守法律法规。因此，答案应该选项中与保障患者用药安全和依法经营相关性最强的选项。\n\n答案：B",
        "question_type": "综合分析选择题",
        "groundtruth": "D",
        "model_choice": "B"
    },
    {
        "id": 53,
        "query": "\n作为一位卓越的药剂师专家，接下来你将参加中国2021年执业药师职业资格考试。\n以下是答题要求：\n1.不要一步到位，请step by step分析问题再给出正确答案。\n2.回答格式为“过程分析：（这部分展示一步一步的思考过程，文本不能出现ABCDEFGHIJK等之中的英文字母字符），答案：（这部分只输出选项对应的英文字母ABCDEFGHIJK等，不能含有中文）。例子：“过程分析：依据《药品管理法》第十三条规定，药品标签应注明药品通用名称、产品批号、有效期等信息，没有说明可以标注实际期限。答案：B”\n3.必须要给出正确的答案，不能因为条件不够不给出答案。\n现在考试开始，下面是一道考试试题，题型：配伍选择题，题目：57. 根据《药品经营质量管理规范》及其有关附录⽂件，属于保温箱特有的验证项⽬是（）。，选项：A. 测点终端安装数量及位置确认\nB. 测点终端参数与数据联动传输确认\nC. 运输最长时限验证\nD. 极端温度保温性能验证。请根据你的专业知识进行分析，只选择1个最正确的答案并输出对应字母。\n",
        "model_answer": "过程分析：首先，根据《药品经营质量管理规范》，保温箱是用于存放需要保持一定温度的药品或物品的设备。在这种情况下，最重要的验证项目应该是保温性能验证，即验证保温箱在极端温度条件下是否能够有效地维持所需的温度。其他选项如测点终端安装数量及位置确认、测点终端参数与数据联动传输确认和运输最长时限验证虽然也重要，但不如保温性能验证直接关系到药品在储存条件下的稳定性和质量。\n\n答案：D",
        "question_type": "配伍选择题",
        "groundtruth": "C",
        "model_choice": "D"
    },
    {
        "id": 56,
        "query": "\n作为一位卓越的药剂师专家，接下来你将参加中国2021年执业药师职业资格考试。\n以下是答题要求：\n1.不要一步到位，请step by step分析问题再给出正确答案。\n2.回答格式为“过程分析：（这部分展示一步一步的思考过程，文本不能出现ABCDEFGHIJK等之中的英文字母字符），答案：（这部分只输出选项对应的英文字母ABCDEFGHIJK等，不能含有中文）。例子：“过程分析：依据《药品管理法》第十三条规定，药品标签应注明药品通用名称、产品批号、有效期等信息，没有说明可以标注实际期限。答案：B”\n3.必须要给出正确的答案，不能因为条件不够不给出答案。\n现在考试开始，下面是一道考试试题，题型：最佳选择题，题目：25. 下列符合化妆品管理要求的是（）。，选项：A. 特殊化妆品需经省级以上药品监督管理部门注册后⽅可⽣产、进⼜和经营\nB. 国产普通化妆品在上市销售后，向所在地省级药品监督管理部门备案\nC. 国家按照风险程度对化妆品、化妆品原料实⾏分类管理\nD. 已经注册的特殊化妆品在⽣产⼯艺、功效宣称等⽅⾯发⽣任何变化，注册⼈均应当向原注册部门申请变更注册。请根据你的专业知识进行分析，只选择1个最正确的答案并输出对应字母。\n",
        "model_answer": "过程分析：根据《化妆品监督管理条例》，特殊化妆品需经国家药品监督管理部门注册后才能生产、进口和经营；普通化妆品在上市销售后，向所在地省级药品监督管理部门备案；国家按照风险程度对化妆品、化妆品原料实行分类管理；已经注册的特殊化妆品在生产工艺、功效宣称等方面发生任何变化，注册人均应当向原注册部门申请变更注册。综合考虑，符合化妆品管理要求的是选项A. 特殊化妆品需经省级以上药品监督管理部门注册后才可生产、进口和经营。答案：A",
        "question_type": "最佳选择题",
        "groundtruth": "C",
        "model_choice": "A"
    },
    {
        "id": 57,
        "query": "\n作为一位卓越的药剂师专家，接下来你将参加中国2021年执业药师职业资格考试。\n以下是答题要求：\n1.不要一步到位，请step by step分析问题再给出正确答案。\n2.回答格式为“过程分析：（这部分展示一步一步的思考过程，文本不能出现ABCDEFGHIJK等之中的英文字母字符），答案：（这部分只输出选项对应的英文字母ABCDEFGHIJK等，不能含有中文）。例子：“过程分析：依据《药品管理法》第十三条规定，药品标签应注明药品通用名称、产品批号、有效期等信息，没有说明可以标注实际期限。答案：B”\n3.必须要给出正确的答案，不能因为条件不够不给出答案。\n现在考试开始，下面是一道考试试题，题型：最佳选择题，题目：4. 抗哮喘药沙丁胺醇的化学结构式如下，其化学⾻架属于（）。，选项：A. 芳基丙酸类\nB. 芳氧丙醇胺类\nC. ⼆氢吡啶类\nD. 苯⼆氮卓类\nE. 苯⼄醇胺类。请根据你的专业知识进行分析，只选择1个最正确的答案并输出对应字母。\n",
        "model_answer": "过程分析：根据题目给出的信息，抗哮喘药沙丁胺醇的化学结构式应该属于某一类化学结构。我们需要通过对沙丁胺醇的结构进行分析，来确定其所属类别。\n沙丁胺醇是一种β2-受体激动剂，其化学名称为(±)-4-[2-(tert-Butylamino)-1-hydroxyethyl]-m-xyleneα, α'-diol。从这个名称中可以看出，它包含了芳环（xylene）和氨基（tert-Butylamino）等部分。\n答案：B. 芳氧丙醇胺类",
        "question_type": "最佳选择题",
        "groundtruth": "E",
        "model_choice": "B"
    },
    {
        "id": 60,
        "query": "\n作为一位卓越的药剂师专家，接下来你将参加中国2021年执业药师职业资格考试。\n以下是答题要求：\n1.不要一步到位，请step by step分析问题再给出正确答案。\n2.回答格式为“过程分析：（这部分展示一步一步的思考过程，文本不能出现ABCDEFGHIJK等之中的英文字母字符），答案：（这部分只输出选项对应的英文字母ABCDEFGHIJK等，不能含有中文）。例子：“过程分析：依据《药品管理法》第十三条规定，药品标签应注明药品通用名称、产品批号、有效期等信息，没有说明可以标注实际期限。答案：B”\n3.必须要给出正确的答案，不能因为条件不够不给出答案。\n现在考试开始，下面是一道考试试题，题型：最佳选择题，题目：18. 某患者上呼吸道感染，⽤氨苄西林治疗⼀周，未见明显好转，后改⽤舒他西林，症状得到改善。关于舒他西林结构和临床使⽤的说法，错误的是（）。，选项：A. 为⼀种前体药物\nB. 给药后，在体内⾮特定酯酶的作⽤下⽔解成氨苄西林和舒巴坦\nC. 对β-内酰胺醇的稳定性强于氨苄西林\nD. 抗菌效果优于氨苄西林，原因是它在体内⽣成的两种药物都有较强的抗菌活性\nE. 可以⼜服，且⼜服后吸收迅速。请根据你的专业知识进行分析，只选择1个最正确的答案并输出对应字母。\n",
        "model_answer": "过程分析：首先，舒他西林是一种β-内酰胺类抗生素，与氨苄西林结构相似。选项A中提到舒他西林为一种前体药物，这是错误的；选项B中描述了舒他西林在体内水解成氨苄西林和舒巴坦，这是正确的；选项C中提到舒他西林对β-内酰胺醇的稳定性强于氨苄西林，这也是正确的；选项D中指出抗菌效果优于氨苄西林，并解释原因为它在体内生成两种具有较强抗菌活性的药物，这也是正确的；最后，选项E中提到可以口服且口服后吸收迅速，这也符合实际情况。综上所述，根据题目要求选择一个错误说法，则答案为A。\n答案：A",
        "question_type": "最佳选择题",
        "groundtruth": "D",
        "model_choice": "A"
    },
    {
        "id": 67,
        "query": "\n作为一位卓越的药剂师专家，接下来你将参加中国2021年执业药师职业资格考试。\n以下是答题要求：\n1.不要一步到位，请step by step分析问题再给出正确答案。\n2.回答格式为“过程分析：（这部分展示一步一步的思考过程，文本不能出现ABCDEFGHIJK等之中的英文字母字符），答案：（这部分只输出选项对应的英文字母ABCDEFGHIJK等，不能含有中文）。例子：“过程分析：依据《药品管理法》第十三条规定，药品标签应注明药品通用名称、产品批号、有效期等信息，没有说明可以标注实际期限。答案：B”\n3.必须要给出正确的答案，不能因为条件不够不给出答案。\n现在考试开始，下面是一道考试试题，题型：综合分析选择题，题目：题干：甲是药品零售连锁企业所属门店，经营类别：处⽅药、甲类⾮处⽅药、⼄类⾮处⽅药，经营范围：第⼆类精神药品、⽣物制品、化学药、中成药、中药饮⽚。 ⼄是药品零售企业，经营类别：处⽅药、甲类⾮处⽅药、⼄类⾮处⽅药，经营范围：⽣物制品、化学药、中成药。 丙是药品零售企业，经营类别：⼄类⾮处⽅药，经营范围：⽣物制品、化学药、中成药。\n104. 根据处⽅药与⾮处⽅药分类管理规定，结合题⽬提供的信息，下列做法正确的是（）。，选项：A. 甲在经营场所内开架销售中药饮⽚百合、枸杞⼦\nB. 甲营业期间，⼀⽼⼈⾝体不适欲购买处⽅药速效救⼼丸，经询问发现⽼⼈有冠⼼病史，执业药师在没有处⽅的情况下，依然向其销售了该处⽅药，并建议其⽴即就诊\nC. ⼄建⽴处⽅药销售的处⽅管理制度，要求对售出的处⽅药处⽅进⾏抄录，处⽅原件返还消费者\nD. ⼄的执业药师在凭处⽅向个⼈消费者销售处⽅药时，结合其表状的疾病症状，告知其该处⽅药与另⼀处⽅药联合购买可以享受优惠。请根据你的专业知识进行分析，只选择1个最正确的答案并输出对应字母。\n",
        "model_answer": "过程分析：根据处方药与非处方药分类管理规定，处方药是指必须凭执业医师的处方或者其他合法医疗文件购买的药品。非处方药是指可以在零售药店等地点自行购买的药品。根据题目提供的信息，甲、乙、丙三家药品零售企业所属门店经营类别和经营范围不完全相同，因此需要结合这些信息来判断哪个做法是正确的。\n\nA选项中，甲在经营场所内开架销售中药饮片百合、枸杞子。根据题目提供的信息，甲门店经营类别包括中成药和中药饮片，因此这种做法是符合规定的。\n\nB选项中，甲门店执业药师在没有处方的情况下向患有冠心病史老人销售了速效救心丸，并建议其立即就诊。根据规定，处方药应该凭执业医师处方购买，但在紧急情况下也可以先给予急救处理后再寻求医生诊治，因此这种做法也是正确的。\n\nC选项中，丙建立了处方管理制度要求抄录并返还消费者原件。由于丙门店只能销售非处方药，并不涉及到处方管理制度要求。\n\nD选项中，乙门店执业荷师在凭处方向个人消费者销售时告知其联合购买可以享受优惠。根据规定，在没有执业医师出具有效处方前不能向消费者销售处方药。\n\n综上分析可知，在这道题目中正确做法为B选项。答案：B",
        "question_type": "综合分析选择题",
        "groundtruth": "A",
        "model_choice": "B"
    },
    {
        "id": 70,
        "query": "\n作为一位卓越的药剂师专家，接下来你将参加中国2021年执业药师职业资格考试。\n以下是答题要求：\n1.不要一步到位，请step by step分析问题再给出正确答案。\n2.回答格式为“过程分析：（这部分展示一步一步的思考过程，文本不能出现ABCDEFGHIJK等之中的英文字母字符），答案：（这部分只输出选项对应的英文字母ABCDEFGHIJK等，不能含有中文）。例子：“过程分析：依据《药品管理法》第十三条规定，药品标签应注明药品通用名称、产品批号、有效期等信息，没有说明可以标注实际期限。答案：B”\n3.必须要给出正确的答案，不能因为条件不够不给出答案。\n现在考试开始，下面是一道考试试题，题型：配伍选择题，题目：52. 属于⿇醉药品的是（）。，选项：A. 氨酚待因⽚\nB. 氨酚氢可酮⽚\nC. 氢可酮\nD. 氯胺酮。请根据你的专业知识进行分析，只选择1个最正确的答案并输出对应字母。\n",
        "model_answer": "过程分析：首先，需要了解“⿇醉药品”的定义。⿇醉药品是指具有镇静、安眠、催眠作用的药品，常见的包括氨酚待因、氨酚氢可酮等。在给出的选项中，A. 氨酚待因⽚和B. 氨酚氢可酮⽚都属于⿇醉药品，而C. 氢可酮和D. 氯胺酮不属于⿇醉药品。因此，最正确的答案是：A\n\n答案：A",
        "question_type": "配伍选择题",
        "groundtruth": "C",
        "model_choice": "A"
    },
    {
        "id": 72,
        "query": "\n作为一位卓越的药剂师专家，接下来你将参加中国2021年执业药师职业资格考试。\n以下是答题要求：\n1.不要一步到位，请step by step分析问题再给出正确答案。\n2.回答格式为“过程分析：（这部分展示一步一步的思考过程，文本不能出现ABCDEFGHIJK等之中的英文字母字符），答案：（这部分只输出选项对应的英文字母ABCDEFGHIJK等，不能含有中文）。例子：“过程分析：依据《药品管理法》第十三条规定，药品标签应注明药品通用名称、产品批号、有效期等信息，没有说明可以标注实际期限。答案：B”\n3.必须要给出正确的答案，不能因为条件不够不给出答案。\n现在考试开始，下面是一道考试试题，题型：最佳选择题，题目：28. 不属于阿昔洛韦适应证的是（）。，选项：A. 单纯疱疹\nB. 带状疱疹\nC. 免疫缺陷者⽔痘\nD. 病毒性急性视⽹膜坏死\nE. ⼄型流感。请根据你的专业知识进行分析，只选择1个最正确的答案并输出对应字母。\n",
        "model_answer": "过程分析：阿昔洛韦是一种抗病毒药物，主要用于治疗病毒感染性疾病。根据我的专业知识，阿昔洛韦的适应证包括单纯疱疹、带状疱疹、免疫缺陷者水痘和乙型流感，而不包括病毒性急性视网膜坏死。因此，不属于阿昔洛韦适应证的选项是D. 病毒性急性视网膜坏死。\n答案：D",
        "question_type": "最佳选择题",
        "groundtruth": "E",
        "model_choice": "D"
    },
    {
        "id": 75,
        "query": "\n作为一位卓越的药剂师专家，接下来你将参加中国2021年执业药师职业资格考试。\n以下是答题要求：\n1.不要一步到位，请step by step分析问题再给出正确答案。\n2.回答格式为“过程分析：（这部分展示一步一步的思考过程，文本不能出现ABCDEFGHIJK等之中的英文字母字符），答案：（这部分只输出选项对应的英文字母ABCDEFGHIJK等，不能含有中文）。例子：“过程分析：依据《药品管理法》第十三条规定，药品标签应注明药品通用名称、产品批号、有效期等信息，没有说明可以标注实际期限。答案：B”\n3.必须要给出正确的答案，不能因为条件不够不给出答案。\n现在考试开始，下面是一道考试试题，题型：多项选择题，题目：113. 关于胃⾷管反流病患者应⽤含铝抗酸药⽤药教育的说法，正确的有（）。，选项：A. 长期服⽤可能会引起低磷⾎症\nB. 易引起腹泻\nC. 可快速缓解症状，对溃疡愈合⼏乎⽆作⽤\nD. 可增加⼼⾎管事件发⽣风险\nE. 与其他药物合⽤，通常要间隔2⼩时。请根据你的专业知识进行分析，选择不少于2个的正确选项并按ABCD的字母顺序无间隔输出（如正确选项为C、B、A，则应该输出“ABC”）。\n",
        "model_answer": "过程分析：对于胃食管反流病患者应用含铝抗酸药的药物教育，我们需要考虑以下几点：\nA. 长期服用可能会引起低磷血症：铝制剂长期使用可干扰磷的吸收，导致低磷血症。\nB. 易引起腹泻：铝制剂可以刺激肠道，导致腹泻的发生。\nC. 可快速缓解症状，对溃疡愈合几乎无作用：铝制剂主要是中和胃酸，并不能促进溃疡愈合。\nD. 可增加心血管事件发生风险：含铝抗酸药在一些文献中被认为与心血管事件有关联。\nE. 与其他药物合用，通常要间隔2小时：由于铝制剂会影响其他药物的吸收，因此通常需要与其他药物相隔一定时间。\n\n综上所述，正确选项为ABD。答案：ABD",
        "question_type": "多项选择题",
        "groundtruth": "ACE",
        "model_choice": "ABD"
    },
    {
        "id": 76,
        "query": "\n作为一位卓越的药剂师专家，接下来你将参加中国2021年执业药师职业资格考试。\n以下是答题要求：\n1.不要一步到位，请step by step分析问题再给出正确答案。\n2.回答格式为“过程分析：（这部分展示一步一步的思考过程，文本不能出现ABCDEFGHIJK等之中的英文字母字符），答案：（这部分只输出选项对应的英文字母ABCDEFGHIJK等，不能含有中文）。例子：“过程分析：依据《药品管理法》第十三条规定，药品标签应注明药品通用名称、产品批号、有效期等信息，没有说明可以标注实际期限。答案：B”\n3.必须要给出正确的答案，不能因为条件不够不给出答案。\n现在考试开始，下面是一道考试试题，题型：配伍选择题，题目：84. 根据《国家药品监督管理局职能配置、内设机构和⼈员编制规定》及其有关规定，负责组织开展执业药师考前培训、继续教育的是（）。，选项：A. 国家药品监督管理局⾼级研修学院\nB. 国家药品监督管理局执业药师资格认证中⼼\nC. 国家药典委员会\nD. 国家药品监督管理局信息中⼼。请根据你的专业知识进行分析，只选择1个最正确的答案并输出对应字母。\n",
        "model_answer": "过程分析：首先，根据《国家药品监督管理局职能配置、内设机构和⼈员编制规定》，我们需要找到负责组织开展执业药师考前培训、继续教育的具体机构。国家药品监督管理局是主管全国的药品监督管理工作的部门，因此应该在其内设机构中找到相应的部门或中心来负责这项任务。\n\n答案：B. 国家药品监督管理局执业药师资格认证中⼼",
        "question_type": "配伍选择题",
        "groundtruth": "A",
        "model_choice": "B"
    },
    {
        "id": 79,
        "query": "\n作为一位卓越的药剂师专家，接下来你将参加中国2021年执业药师职业资格考试。\n以下是答题要求：\n1.不要一步到位，请step by step分析问题再给出正确答案。\n2.回答格式为“过程分析：（这部分展示一步一步的思考过程，文本不能出现ABCDEFGHIJK等之中的英文字母字符），答案：（这部分只输出选项对应的英文字母ABCDEFGHIJK等，不能含有中文）。例子：“过程分析：依据《药品管理法》第十三条规定，药品标签应注明药品通用名称、产品批号、有效期等信息，没有说明可以标注实际期限。答案：B”\n3.必须要给出正确的答案，不能因为条件不够不给出答案。\n现在考试开始，下面是一道考试试题，题型：多项选择题，题目：2118. 患者，⼥，65岁。诊断为⾻质疏松症，给予鲑降钙素注射液治疗，⽤药期间需注意的事项有（）。，选项：A. 应当注意有⽆⽪下和⽛龈出⾎\nB. 必须补充⾜量的钙剂和维⽣素D\nC. 对蛋⽩质过敏者，使⽤前需做⽪肤敏感试验\nD. 可能出现低⾎糖反应\nE. 常出现⾯部潮红的不良反应。请根据你的专业知识进行分析，选择不少于2个的正确选项并按ABCD的字母顺序无间隔输出（如正确选项为C、B、A，则应该输出“ABC”）。\n",
        "model_answer": "过程分析：对于患有骨质疏松症的患者，在使用鲑降钙素注射液治疗时，需要注意以下事项：\nA. 应当注意有无皮下和牙龈出血：鲑降钙素注射液可能会导致出血等不良反应。\nB. 必须补充足量的钙剂和维生素D：鲑降钙素注射液治疗期间，辅以足量的钙剂和维生素D可以增强治疗效果。\nD. 可能出现低血糖反应：部分患者在使用鲑降钙素注射液后可能会出现低血糖反应。\n\n答案：ABD",
        "question_type": "多项选择题",
        "groundtruth": "BCE",
        "model_choice": "ABD"
    },
    {
        "id": 80,
        "query": "\n作为一位卓越的药剂师专家，接下来你将参加中国2021年执业药师职业资格考试。\n以下是答题要求：\n1.不要一步到位，请step by step分析问题再给出正确答案。\n2.回答格式为“过程分析：（这部分展示一步一步的思考过程，文本不能出现ABCDEFGHIJK等之中的英文字母字符），答案：（这部分只输出选项对应的英文字母ABCDEFGHIJK等，不能含有中文）。例子：“过程分析：依据《药品管理法》第十三条规定，药品标签应注明药品通用名称、产品批号、有效期等信息，没有说明可以标注实际期限。答案：B”\n3.必须要给出正确的答案，不能因为条件不够不给出答案。\n现在考试开始，下面是一道考试试题，题型：最佳选择题，题目：36. 可⼲扰转录过程和阻⽌RNA合成的抗肿瘤药物是（）。，选项：A. 顺铂\nB. 塞替派\nC. 丝裂霉素\nD. 多柔⽐星\nE. 长春瑞滨。请根据你的专业知识进行分析，只选择1个最正确的答案并输出对应字母。\n",
        "model_answer": "过程分析：抗肿瘤药物主要通过干扰癌细胞的生长和增殖来发挥作用，其中可干扰转录过程和阻止RNA合成的药物通常是拓扑异构酶抑制剂。顺铂、塞替派、丝裂霉素和多柔比星属于碱化剂类抗肿瘤药物，主要通过干扰DNA复制和修复来杀死癌细胞。而长春瑞滨则是一种拓扑异构酶Ⅰ抑制剂，可以干扰转录过程和阻止RNA合成。因此，正确答案应为E. 长春瑞滨。\n答案：E",
        "question_type": "最佳选择题",
        "groundtruth": "D",
        "model_choice": "E"
    },
    {
        "id": 81,
        "query": "\n作为一位卓越的药剂师专家，接下来你将参加中国2021年执业药师职业资格考试。\n以下是答题要求：\n1.不要一步到位，请step by step分析问题再给出正确答案。\n2.回答格式为“过程分析：（这部分展示一步一步的思考过程，文本不能出现ABCDEFGHIJK等之中的英文字母字符），答案：（这部分只输出选项对应的英文字母ABCDEFGHIJK等，不能含有中文）。例子：“过程分析：依据《药品管理法》第十三条规定，药品标签应注明药品通用名称、产品批号、有效期等信息，没有说明可以标注实际期限。答案：B”\n3.必须要给出正确的答案，不能因为条件不够不给出答案。\n现在考试开始，下面是一道考试试题，题型：最佳选择题，题目：40. 兼有抑菌作⽤的⿐⽤减充⾎剂是（）。，选项：A. 呋⿇滴⿐液\nB. 赛洛唑啉滴⿐液\nC. 羟甲唑啉⿐喷剂\nD. ⿇黄碱滴⿐液\nE. 左氧氟沙星滴⿐液。请根据你的专业知识进行分析，只选择1个最正确的答案并输出对应字母。\n",
        "model_answer": "过程分析：根据题目描述，需要找到一种兼有抑菌作用的口服减充血剂。在选项中，呋塞米滴鼻液、赛洛唑啉滴鼻液、羟甲唑啉喷剂、氢溴酸右美沙芬滴鼻液和左氧氟沙星滴鼻液中，只有赛洛唑啉是口服药物，具有抗菌作用。因此，最正确的答案是B. 赛洛唑啉滴鼻液。\n\n答案：B",
        "question_type": "最佳选择题",
        "groundtruth": "A",
        "model_choice": "B"
    },
    {
        "id": 83,
        "query": "\n作为一位卓越的药剂师专家，接下来你将参加中国2021年执业药师职业资格考试。\n以下是答题要求：\n1.不要一步到位，请step by step分析问题再给出正确答案。\n2.回答格式为“过程分析：（这部分展示一步一步的思考过程，文本不能出现ABCDEFGHIJK等之中的英文字母字符），答案：（这部分只输出选项对应的英文字母ABCDEFGHIJK等，不能含有中文）。例子：“过程分析：依据《药品管理法》第十三条规定，药品标签应注明药品通用名称、产品批号、有效期等信息，没有说明可以标注实际期限。答案：B”\n3.必须要给出正确的答案，不能因为条件不够不给出答案。\n现在考试开始，下面是一道考试试题，题型：配伍选择题，题目：76. 氨氯地平的妊娠毒性分级是（）。，选项：A. X级\nB. A级\nC. C级\nD. D级\nE. B级。请根据你的专业知识进行分析，只选择1个最正确的答案并输出对应字母。\n",
        "model_answer": "过程分析：根据药物的妊娠毒性分级标准，A级表示在动物研究中未发现胎儿异常，B级表示在动物研究中未发现胎儿异常但尚需进行更多人类研究，C级表示在动物研究中出现胎儿异常但尚无足够人类资料，D级表示已有人类证据显示存在胎儿风险，X级表示绝对禁用于孕妇。氨氯地平属于钙通道阻滞剂药物，在孕期使用可能会引起胎儿畸形和其他不良影响。因此，氨氯地平的妊娠毒性分级为D级。\n答案：D",
        "question_type": "配伍选择题",
        "groundtruth": "C",
        "model_choice": "D"
    },
    {
        "id": 84,
        "query": "\n作为一位卓越的药剂师专家，接下来你将参加中国2021年执业药师职业资格考试。\n以下是答题要求：\n1.不要一步到位，请step by step分析问题再给出正确答案。\n2.回答格式为“过程分析：（这部分展示一步一步的思考过程，文本不能出现ABCDEFGHIJK等之中的英文字母字符），答案：（这部分只输出选项对应的英文字母ABCDEFGHIJK等，不能含有中文）。例子：“过程分析：依据《药品管理法》第十三条规定，药品标签应注明药品通用名称、产品批号、有效期等信息，没有说明可以标注实际期限。答案：B”\n3.必须要给出正确的答案，不能因为条件不够不给出答案。\n现在考试开始，下面是一道考试试题，题型：最佳选择题，题目：21. 关于疫苗流通管理的说法，错误的是（）。，选项：A. 疫苗上市许可持有⼈在销售疫苗时，应当提供加盖其印章的批签发证明复印件或者电⼦⽂件\nB. 疫苗上市许可持有⼈应当按照采购合同约定，向疾病防控制机构和接种单位直接供应疫苗\nC. 疫苗上市许可持有⼈应当按照规定，建⽴真实、准确完整的销售记录，并保存⾄疫苗有效期满后不少于五年备查\nD. 疾病预防控制机构、接种单位应当建⽴疫苗定期检查制度。请根据你的专业知识进行分析，只选择1个最正确的答案并输出对应字母。\n",
        "model_answer": "过程分析：根据我对药事管理与法规的专业知识，疫苗流通管理是非常重要的一环，需要符合相关法规规定。在销售疫苗时，疫苗上市许可持有人需要提供批签发证明复印件或电子文件，并且建立真实、准确完整的销售记录保存备查。接种单位也需要建立疫苗定期检查制度以确保疫苗质量和安全。根据这些信息进行逐个选项分析：\n\nA. 确实符合规定，销售疫苗时需要提供批签发证明复印件或电子文件。\nB. 也符合规定，疫苗上市许可持有人应当向疾病防控机构和接种单位直接供应疫苗。\nC. 符合规定，需要建立并保存销售记录备查至少五年。\nD. 这个说法错误，因为并没有明确要求预防控制机构和接种单位建立“疫苗定期检查制度”，而是由他们来执行具体的监管工作。\n\n答案：D",
        "question_type": "最佳选择题",
        "groundtruth": "B",
        "model_choice": "D"
    },
    {
        "id": 88,
        "query": "\n作为一位卓越的药剂师专家，接下来你将参加中国2021年执业药师职业资格考试。\n以下是答题要求：\n1.不要一步到位，请step by step分析问题再给出正确答案。\n2.回答格式为“过程分析：（这部分展示一步一步的思考过程，文本不能出现ABCDEFGHIJK等之中的英文字母字符），答案：（这部分只输出选项对应的英文字母ABCDEFGHIJK等，不能含有中文）。例子：“过程分析：依据《药品管理法》第十三条规定，药品标签应注明药品通用名称、产品批号、有效期等信息，没有说明可以标注实际期限。答案：B”\n3.必须要给出正确的答案，不能因为条件不够不给出答案。\n现在考试开始，下面是一道考试试题，题型：多项选择题，题目：119. 属于碳青霉烯类的抗菌药物有（）。，选项：A. 亚胺培南\nB. 氨曲南\nC. 美罗培南\nD. 厄他培南\nE. ⽐阿培南。请根据你的专业知识进行分析，选择不少于2个的正确选项并按ABCD的字母顺序无间隔输出（如正确选项为C、B、A，则应该输出“ABC”）。\n",
        "model_answer": "过程分析：首先，我们需要了解碳青霉烯类抗菌药物的特点。碳青霉烯类抗菌药物是一类广谱抗生素，通常用于治疗严重感染症。在给出的选项中，亚胺培南、氨曲南、美罗培南、厄他培南和⽐阿培南都属于碳青霉烯类抗菌药物。因此，正确答案应该包括这些药物。\n\n答案：ABCD",
        "question_type": "多项选择题",
        "groundtruth": "ACDE",
        "model_choice": "ABCD"
    },
    {
        "id": 92,
        "query": "\n作为一位卓越的药剂师专家，接下来你将参加中国2021年执业药师职业资格考试。\n以下是答题要求：\n1.不要一步到位，请step by step分析问题再给出正确答案。\n2.回答格式为“过程分析：（这部分展示一步一步的思考过程，文本不能出现ABCDEFGHIJK等之中的英文字母字符），答案：（这部分只输出选项对应的英文字母ABCDEFGHIJK等，不能含有中文）。例子：“过程分析：依据《药品管理法》第十三条规定，药品标签应注明药品通用名称、产品批号、有效期等信息，没有说明可以标注实际期限。答案：B”\n3.必须要给出正确的答案，不能因为条件不够不给出答案。\n现在考试开始，下面是一道考试试题，题型：配伍选择题，题目：56. 根据《药品经营质量管理规范》及其有关附录⽂件，属于温湿度⾃动监测系统特有的验证项⽬是（）。，选项：A. 测点终端安装数量及位置确认\nB. 测点终端参数与数据联动传输确认\nC. 运输最长时限验证\nD. 极端温度保温性能验证。请根据你的专业知识进行分析，只选择1个最正确的答案并输出对应字母。\n",
        "model_answer": "过程分析：根据《药品经营质量管理规范》及其有关附录文件，温湿度自动监测系统特有的验证项目应该是与系统操作和数据传输相关的内容。测点终端安装数量及位置确认是确保监测系统完整性的一部分，运输最长时限验证是确保药品在运输过程中符合要求的验证，极端温度保温性能验证更偏向于设备本身的性能。因此，属于温湿度自动监测系统特有的验证项目应为B. 测点终端参数与数据联动传输确认。\n\n答案：B",
        "question_type": "配伍选择题",
        "groundtruth": "A",
        "model_choice": "B"
    },
    {
        "id": 93,
        "query": "\n作为一位卓越的药剂师专家，接下来你将参加中国2021年执业药师职业资格考试。\n以下是答题要求：\n1.不要一步到位，请step by step分析问题再给出正确答案。\n2.回答格式为“过程分析：（这部分展示一步一步的思考过程，文本不能出现ABCDEFGHIJK等之中的英文字母字符），答案：（这部分只输出选项对应的英文字母ABCDEFGHIJK等，不能含有中文）。例子：“过程分析：依据《药品管理法》第十三条规定，药品标签应注明药品通用名称、产品批号、有效期等信息，没有说明可以标注实际期限。答案：B”\n3.必须要给出正确的答案，不能因为条件不够不给出答案。\n现在考试开始，下面是一道考试试题，题型：配伍选择题，题目：54. 长期应⽤⼴谱抗⽣素造成⼆重感染的不良反应属于（）。，选项：A. 特异质反应\nB. 停药反应\nC. 后遗效应\nD. 毒性反应\nE. 继发反应。请根据你的专业知识进行分析，只选择1个最正确的答案并输出对应字母。\n",
        "model_answer": "过程分析：长期应用广谱抗生素可能导致二重感染，这是由于广谱抗生素破坏了人体正常菌群平衡，使得原本不会引起感染的细菌有机可乘，进而引发二次感染。这种情况属于毒性反应，即药物对机体产生的有害效应。\n答案：D",
        "question_type": "配伍选择题",
        "groundtruth": "E",
        "model_choice": "D"
    },
    {
        "id": 94,
        "query": "\n作为一位卓越的药剂师专家，接下来你将参加中国2021年执业药师职业资格考试。\n以下是答题要求：\n1.不要一步到位，请step by step分析问题再给出正确答案。\n2.回答格式为“过程分析：（这部分展示一步一步的思考过程，文本不能出现ABCDEFGHIJK等之中的英文字母字符），答案：（这部分只输出选项对应的英文字母ABCDEFGHIJK等，不能含有中文）。例子：“过程分析：依据《药品管理法》第十三条规定，药品标签应注明药品通用名称、产品批号、有效期等信息，没有说明可以标注实际期限。答案：B”\n3.必须要给出正确的答案，不能因为条件不够不给出答案。\n现在考试开始，下面是一道考试试题，题型：配伍选择题，题目：74. 属于酪氨酸激酶抑制剂的抗肿瘤药物是（）。，选项：A. 来曲唑\nB. 环磷酰胺\nC. 厄洛替尼\nD. 长春新碱\nE. 多柔⽐星。请根据你的专业知识进行分析，只选择1个最正确的答案并输出对应字母。\n",
        "model_answer": "过程分析：酪氨酸激酶抑制剂是一类抗肿瘤药物，主要通过抑制细胞内的酪氨酸激酶来发挥作用。根据我的专业知识：\nA. 来曲唑并非属于酪氨酸激酶抑制剂。\nB. 环磷酰胺不是属于酪氨酸激酶抑制剂。\nC. 厄洛替尼是一种靶向治疗药物，作用机制为EGFR（表皮生长因子受体）的激活状态下具有特异性结合和选择性的抑制其活性，不属于酪氨酸激酶抑制剂。\nD. 长春新碱也不属于这类药物。\nE. 多柔比星是一种雌激素拮抗剂，也不是属于此类。\n\n答案：无。",
        "question_type": "配伍选择题",
        "groundtruth": "C",
        "model_choice": "E"
    },
    {
        "id": 95,
        "query": "\n作为一位卓越的药剂师专家，接下来你将参加中国2021年执业药师职业资格考试。\n以下是答题要求：\n1.不要一步到位，请step by step分析问题再给出正确答案。\n2.回答格式为“过程分析：（这部分展示一步一步的思考过程，文本不能出现ABCDEFGHIJK等之中的英文字母字符），答案：（这部分只输出选项对应的英文字母ABCDEFGHIJK等，不能含有中文）。例子：“过程分析：依据《药品管理法》第十三条规定，药品标签应注明药品通用名称、产品批号、有效期等信息，没有说明可以标注实际期限。答案：B”\n3.必须要给出正确的答案，不能因为条件不够不给出答案。\n现在考试开始，下面是一道考试试题，题型：配伍选择题，题目：89. 患者，⼥，65岁。诊断为社区获得性肺炎，伴肾功能不全，肌酐清除率25mL/min，宜选⽤的⽆需根据肾功能调整剂量的抗菌药物是（）。，选项：A. 头孢曲松\nB. 头孢唑林\nC. 头孢噻肟\nD. 头孢他啶\nE. 头孢吡肟。请根据你的专业知识进行分析，只选择1个最正确的答案并输出对应字母。\n",
        "model_answer": "过程分析：根据患者的肾功能不全，需要选择无需根据肾功能调整剂量的抗菌药物。在这里，头孢曲松（选项A）、头孢唑林（选项B）、头孢噻肟（选项C）、头孢他啶（选项D）和头孢吡肟（选项E）都属于头孢类抗生素。而在肾功能不全的情况下，应该避免使用需要根据肾功能调整剂量的药物，因此正确答案应该是无需根据肾功能调整剂量的抗菌药物。\n\n答案：B. 头孢唑林",
        "question_type": "配伍选择题",
        "groundtruth": "A",
        "model_choice": "B"
    },
    {
        "id": 99,
        "query": "\n作为一位卓越的药剂师专家，接下来你将参加中国2021年执业药师职业资格考试。\n以下是答题要求：\n1.不要一步到位，请step by step分析问题再给出正确答案。\n2.回答格式为“过程分析：（这部分展示一步一步的思考过程，文本不能出现ABCDEFGHIJK等之中的英文字母字符），答案：（这部分只输出选项对应的英文字母ABCDEFGHIJK等，不能含有中文）。例子：“过程分析：依据《药品管理法》第十三条规定，药品标签应注明药品通用名称、产品批号、有效期等信息，没有说明可以标注实际期限。答案：B”\n3.必须要给出正确的答案，不能因为条件不够不给出答案。\n现在考试开始，下面是一道考试试题，题型：配伍选择题，题目：48. 患者，男，54岁，因痛风服⽤⾮布司他，为增强降尿酸效果，可同时使⽤的药物是（）。，选项：A. 阿托伐他汀\nB. 甲巯咪唑\nC. 丙硫氧嘧啶\nD. 氢氯噻嗪\nE. 碳酸氢钠。请根据你的专业知识进行分析，只选择1个最正确的答案并输出对应字母。\n",
        "model_answer": "过程分析：根据痛风的治疗原则，患者服用非布司他（即阿洛普尼林）是一种降尿酸药物。在增强降尿酸效果时，可以考虑联合使用其他药物。在选项中，甲巯咪唑是一种促进尿酸排泄的药物，可与非布司他联合使用以增强降尿酸效果。因此，正确答案为B. 甲巯咪唑。\n答案：B",
        "question_type": "配伍选择题",
        "groundtruth": "E",
        "model_choice": "B"
    }
]