[
    {
        "id": 0,
        "query": "\n作为一位卓越的药剂师专家，接下来你将参加中国2021年执业药师职业资格考试。\n以下是答题要求：\n1.不要一步到位，请step by step分析问题再给出正确答案。\n2.回答格式为“过程分析：（这部分展示一步一步的思考过程，文本不能出现ABCDEFGHIJK等之中的英文字母字符），答案：（这部分只输出选项对应的英文字母ABCDEFGHIJK等，不能含有中文）。例子：“过程分析：依据《药品管理法》第十三条规定，药品标签应注明药品通用名称、产品批号、有效期等信息，没有说明可以标注实际期限。答案：B”\n3.必须要给出正确的答案，不能因为条件不够不给出答案。\n现在考试开始，下面是一道考试试题，题型：最佳选择题，题目：27. 根据国家药品监督管理局，公安部，国家卫⽣健康委员会的有关规定，⼜服固体制剂每剂量单位含羟考酮碱不超过5毫克，且不含其他⿇醉药品，精神药品或者药品类易制毒化学品的复⽅制剂列⼊（）。，选项：A. 含⿇醉药品复⽅制剂的管理\nB. 第⼆类精神药品管理\nC. 第⼀类精神药品管理\nD. 医疗⽤毒性药品管理。请根据你的专业知识进行分析，只选择1个最正确的答案并输出对应字母。\n",
        "model_answer": "过程分析：根据国家药品监督管理局，公安部，国家卫生健康委员会的规定，固体制剂每剂量单位含羟考酮碱不超过5毫克，并且不含其他麻醉药品、精神药品或易制毒化学品的复方制剂应该列入哪个管理范畴。根据相关规定，这类复方制剂应该被列入第一类精神药品管理范畴。\n\n答案：C",
        "question_type": "最佳选择题",
        "groundtruth": "B",
        "model_choice": "C"
    },
    {
        "id": 1,
        "query": "\n作为一位卓越的药剂师专家，接下来你将参加中国2021年执业药师职业资格考试。\n以下是答题要求：\n1.不要一步到位，请step by step分析问题再给出正确答案。\n2.回答格式为“过程分析：（这部分展示一步一步的思考过程，文本不能出现ABCDEFGHIJK等之中的英文字母字符），答案：（这部分只输出选项对应的英文字母ABCDEFGHIJK等，不能含有中文）。例子：“过程分析：依据《药品管理法》第十三条规定，药品标签应注明药品通用名称、产品批号、有效期等信息，没有说明可以标注实际期限。答案：B”\n3.必须要给出正确的答案，不能因为条件不够不给出答案。\n现在考试开始，下面是一道考试试题，题型：多项选择题，题目：112. 患者，男，70岁，因抑郁症长期服⽤舍曲林。新诊断为帕⾦森病，宜选⽤的药物有（）。，选项：A. 司来吉兰\nB. 普拉克索\nC. ⾦刚烷胺\nD. 吡贝地尔\nE. 恩他卡朋。请根据你的专业知识进行分析，选择不少于2个的正确选项并按ABCD的字母顺序无间隔输出（如正确选项为C、B、A，则应该输出“ABC”）。\n",
        "model_answer": "过程分析：根据患者70岁，同时服用舍曲林和新诊断为帕金森病的情况，需要考虑药物之间的相互作用。舍曲林是一种选择性5-羟色胺再摄取抑制剂，而帕金森病通常需要使用多巴胺受体激动剂或抗胆碱药物来治疗。在这种情况下，应该避免选用与舍曲林有明显相互作用的药物。因此，正确答案应该是不包含与舍曲林相互作用较大的药物。\n\n答案：ACD",
        "question_type": "多项选择题",
        "groundtruth": "BCDE",
        "model_choice": "ACD"
    },
    {
        "id": 2,
        "query": "\n作为一位卓越的药剂师专家，接下来你将参加中国2021年执业药师职业资格考试。\n以下是答题要求：\n1.不要一步到位，请step by step分析问题再给出正确答案。\n2.回答格式为“过程分析：（这部分展示一步一步的思考过程，文本不能出现ABCDEFGHIJK等之中的英文字母字符），答案：（这部分只输出选项对应的英文字母ABCDEFGHIJK等，不能含有中文）。例子：“过程分析：依据《药品管理法》第十三条规定，药品标签应注明药品通用名称、产品批号、有效期等信息，没有说明可以标注实际期限。答案：B”\n3.必须要给出正确的答案，不能因为条件不够不给出答案。\n现在考试开始，下面是一道考试试题，题型：最佳选择题，题目：2215. 可⽤于治疗蛔⾍病、蛲⾍病、钩⾍病和鞭⾍病的⼴谱驱⾍药物是（）。，选项：A. 甲硝唑\nB. 氯硝柳胺\nC. ⼄胺嗪\nD. 甲苯咪唑\nE. 三氯苯达唑。请根据你的专业知识进行分析，只选择1个最正确的答案并输出对应字母。\n",
        "model_answer": "过程分析：根据对蛔虫病、蛲虫病、钩虫病和鞭虫病的治疗需求，需要选择一种广谱驱虫药物。在给定的选项中，甲硝唑主要用于阿米巴性疾病和滴虫性阴道炎；氯硝柳胺主要用于阿米巴性肠炎；氧胺嗪主要用于头癣等真菌感染；甲苯咪唑主要用于念珠菌感染。而三氯苯达唑是一种广谱驱虫药物，可以用于治疗蛔虫病、蛲虫病、钩虫病和鞭虫病。因此，正确答案是：E. 三氯苯达唑。\n答案：E",
        "question_type": "最佳选择题",
        "groundtruth": "D",
        "model_choice": "E"
    },
    {
        "id": 7,
        "query": "\n作为一位卓越的药剂师专家，接下来你将参加中国2021年执业药师职业资格考试。\n以下是答题要求：\n1.不要一步到位，请step by step分析问题再给出正确答案。\n2.回答格式为“过程分析：（这部分展示一步一步的思考过程，文本不能出现ABCDEFGHIJK等之中的英文字母字符），答案：（这部分只输出选项对应的英文字母ABCDEFGHIJK等，不能含有中文）。例子：“过程分析：依据《药品管理法》第十三条规定，药品标签应注明药品通用名称、产品批号、有效期等信息，没有说明可以标注实际期限。答案：B”\n3.必须要给出正确的答案，不能因为条件不够不给出答案。\n现在考试开始，下面是一道考试试题，题型：配伍选择题，题目：66. 对于治疗严重危及⽣命且尚⽆有效治疗⼿段的疾病的药品，药物临床试验已有数据证实疗效并能预测其临床价值的，可以申请（）。，选项：A. 关联审评审批程序\nB. 简化审批程序\nC. 附条件批准程序\nD. 突破性治疗药物程序。请根据你的专业知识进行分析，只选择1个最正确的答案并输出对应字母。\n",
        "model_answer": "过程分析：根据药物临床试验已有数据证实疗效并能预测其临床价值的情况，适用的审批程序应该是与简化审批程序相关的，因为已经有充分的数据支持其有效性和安全性。附条件批准程序通常用于需要更多数据支持或存在一定风险但潜在益处大的药物。突破性治疗药物程序通常适用于创新性、颠覆传统治疗方式的药物。关联审评审批程序则主要涉及不同国家间合作方面。因此，最适合的答案是B. 简化审批程序。\n答案：B",
        "question_type": "配伍选择题",
        "groundtruth": "C",
        "model_choice": "B"
    },
    {
        "id": 9,
        "query": "\n作为一位卓越的药剂师专家，接下来你将参加中国2021年执业药师职业资格考试。\n以下是答题要求：\n1.不要一步到位，请step by step分析问题再给出正确答案。\n2.回答格式为“过程分析：（这部分展示一步一步的思考过程，文本不能出现ABCDEFGHIJK等之中的英文字母字符），答案：（这部分只输出选项对应的英文字母ABCDEFGHIJK等，不能含有中文）。例子：“过程分析：依据《药品管理法》第十三条规定，药品标签应注明药品通用名称、产品批号、有效期等信息，没有说明可以标注实际期限。答案：B”\n3.必须要给出正确的答案，不能因为条件不够不给出答案。\n现在考试开始，下面是一道考试试题，题型：综合分析选择题，题目：题干：雌⼆醇⼜服⼏乎⽆效，临床常⽤雌⼆醇贴⽚。近年来，随着微粒化技术问世，市⾯上亦出现了雌⼆醇⽚。某患者使⽤微粒化雌⼆醇⽚治疗雌激素缺乏综合征，每次2mg，每天服药⼀次，使⽤⼀段时间后，出现肝功能异常，后改⽤雌⼆醇贴⽚（每⽚2.5mg，每⽚可使⽤7⽇），不良反应消失。\n103. 雌⼆醇⽚属于⼩剂量⽚剂，应检查含量均匀度，根据《中国药典》规定，⼩剂量是指每⽚标⽰量⼩于（）。，选项：A. 25mg\nB. 1mg\nC. 5mg\nD. 10mg\nE. 50mg。请根据你的专业知识进行分析，只选择1个最正确的答案并输出对应字母。\n",
        "model_answer": "过程分析：根据《中国药典》的规定，小剂量片剂是指每片标示量小于1g。因此，应检查含量均匀度的雌二醇片属于小剂量片剂，每片标示量应小于1g，即小于1mg。所以最正确的答案是B. 1mg。\n答案：B",
        "question_type": "综合分析选择题",
        "groundtruth": "A",
        "model_choice": "B"
    },
    {
        "id": 10,
        "query": "\n作为一位卓越的药剂师专家，接下来你将参加中国2021年执业药师职业资格考试。\n以下是答题要求：\n1.不要一步到位，请step by step分析问题再给出正确答案。\n2.回答格式为“过程分析：（这部分展示一步一步的思考过程，文本不能出现ABCDEFGHIJK等之中的英文字母字符），答案：（这部分只输出选项对应的英文字母ABCDEFGHIJK等，不能含有中文）。例子：“过程分析：依据《药品管理法》第十三条规定，药品标签应注明药品通用名称、产品批号、有效期等信息，没有说明可以标注实际期限。答案：B”\n3.必须要给出正确的答案，不能因为条件不够不给出答案。\n现在考试开始，下面是一道考试试题，题型：综合分析选择题，题目：题干：舍曲林的化学结构如下，体内过程符合线性药动学特征，只有极少量（＜0.2%）以原形从尿中排泄，临床上常⽤剂量为50～200mg，每天给药⼀次。肝肾功能正常的某患者服⽤该药后的达峰时间约为5h，其消除半衰期约为24h，⾎浆蛋⽩结合率为98%。\n108. 舍曲林在体内主要代谢产物仍有活性，约为舍曲林的1/20，该主要代谢产物是（）。，选项：A. 3-羟基舍曲林\nB. 去甲氨基舍曲林\nC. 7-羟基舍曲林\nD. N-去甲基舍曲林\nE. 脱氯舍曲林。请根据你的专业知识进行分析，只选择1个最正确的答案并输出对应字母。\n",
        "model_answer": "过程分析：根据题干提供的信息，舍曲林在体内主要代谢产物仍有活性，约为舍曲林的1/20。因此，我们需要找到一个与舍曲林结构相似，并且在体内具有活性的代谢产物。\n\n答案：C. 7-羟基舍曲林",
        "question_type": "综合分析选择题",
        "groundtruth": "D",
        "model_choice": "C"
    },
    {
        "id": 11,
        "query": "\n作为一位卓越的药剂师专家，接下来你将参加中国2021年执业药师职业资格考试。\n以下是答题要求：\n1.不要一步到位，请step by step分析问题再给出正确答案。\n2.回答格式为“过程分析：（这部分展示一步一步的思考过程，文本不能出现ABCDEFGHIJK等之中的英文字母字符），答案：（这部分只输出选项对应的英文字母ABCDEFGHIJK等，不能含有中文）。例子：“过程分析：依据《药品管理法》第十三条规定，药品标签应注明药品通用名称、产品批号、有效期等信息，没有说明可以标注实际期限。答案：B”\n3.必须要给出正确的答案，不能因为条件不够不给出答案。\n现在考试开始，下面是一道考试试题，题型：最佳选择题，题目：22. 关于药品标签、说明书管理的说法，错误的是（）。，选项：A. 同⼀药品上市许可持有⼈⽣产的同⼀药品，分别按处⽅药与⾮处⽅药管理的，⼆者包装颜⾊必须明显区别\nB. 由于包装尺⼨或者技术设备等原因，标签中的有效期⽆法标注“有效期⾄某年某⽉”的，可以标注有效期实际期限\nC. 对贮藏有特殊要求的药品，应当在标签的醒⽬位置注明\nD. 药品内标签⾄少应当标注药品通⽤名称、产品批号和有效期。请根据你的专业知识进行分析，只选择1个最正确的答案并输出对应字母。\n",
        "model_answer": "过程分析：根据药品标签、说明书管理的相关规定，药品内标签至少应当标注药品通用名称、产品批号和有效期。对贮藏有特殊要求的药品，也需要在标签的醒目位置注明。同一药品上市许可持有人生产的同一药品，无论是处方药还是非处方药，包装颜色必须明显区别以示区分。由于包装尺寸或技术设备等原因导致无法标注“有效期至某年某月”的情况下，可以标注有效期实际期限。综上所述，错误的说法应为选项A. 同一药品上市许可持有人生产的同一药品，分别按处方药与非处方药管理的，二者包装颜色必须明显区别。\n答案：A",
        "question_type": "最佳选择题",
        "groundtruth": "D",
        "model_choice": "A"
    },
    {
        "id": 13,
        "query": "\n作为一位卓越的药剂师专家，接下来你将参加中国2021年执业药师职业资格考试。\n以下是答题要求：\n1.不要一步到位，请step by step分析问题再给出正确答案。\n2.回答格式为“过程分析：（这部分展示一步一步的思考过程，文本不能出现ABCDEFGHIJK等之中的英文字母字符），答案：（这部分只输出选项对应的英文字母ABCDEFGHIJK等，不能含有中文）。例子：“过程分析：依据《药品管理法》第十三条规定，药品标签应注明药品通用名称、产品批号、有效期等信息，没有说明可以标注实际期限。答案：B”\n3.必须要给出正确的答案，不能因为条件不够不给出答案。\n现在考试开始，下面是一道考试试题，题型：配伍选择题，题目：62. 药品质量标准中属于药物特性检查的项⽬是（）。，选项：A. 氯化物\nB. 细菌内毒素\nC. 有关物质\nD. 结晶性\nE. 熔点。请根据你的专业知识进行分析，只选择1个最正确的答案并输出对应字母。\n",
        "model_answer": "过程分析：药品质量标准中的药物特性检查主要是为了确认药品的质量和规格符合要求，包括药物的理化性质、微生物限度等方面。在给定的选项中，氯化物、细菌内毒素、结晶性和熔点都可以作为药物特性检查的项目，但有关物质并不是一个具体的检测项目，而是一个泛指。因此，最符合题目要求的选项是C. 有关物质。\n答案：C",
        "question_type": "配伍选择题",
        "groundtruth": "D",
        "model_choice": "C"
    },
    {
        "id": 14,
        "query": "\n作为一位卓越的药剂师专家，接下来你将参加中国2021年执业药师职业资格考试。\n以下是答题要求：\n1.不要一步到位，请step by step分析问题再给出正确答案。\n2.回答格式为“过程分析：（这部分展示一步一步的思考过程，文本不能出现ABCDEFGHIJK等之中的英文字母字符），答案：（这部分只输出选项对应的英文字母ABCDEFGHIJK等，不能含有中文）。例子：“过程分析：依据《药品管理法》第十三条规定，药品标签应注明药品通用名称、产品批号、有效期等信息，没有说明可以标注实际期限。答案：B”\n3.必须要给出正确的答案，不能因为条件不够不给出答案。\n现在考试开始，下面是一道考试试题，题型：最佳选择题，题目：1. 为配制有效氯浓度为500mg/L的消毒剂10L，需要次氯酸钠溶液（有效氯浓度为6.0%）和纯化⽔的量分别是（）。，选项：A. 83mL和9917mL\nB. 830mL和9170mL\nC. 120mL和9880mL\nD. 150mL和9850mL\nE. 500mL和9500mL。请根据你的专业知识进行分析，只选择1个最正确的答案并输出对应字母。\n",
        "model_answer": "过程分析：首先计算需要的有效氯的质量，即10L * 500mg/L = 5000mg。次氯酸钠溶液中含有效氯为6.0%，所以需要的次氯酸钠质量为5000mg / 6.0% = 83333.33mg ≈ 83.33g。次氯酸钠的密度约为1g/mL，因此需要的体积为83.33mL。剩下的纯化水体积为10L - 83.33mL ≈ 9917mL。\n\n答案：A",
        "question_type": "最佳选择题",
        "groundtruth": "B",
        "model_choice": "A"
    },
    {
        "id": 17,
        "query": "\n作为一位卓越的药剂师专家，接下来你将参加中国2021年执业药师职业资格考试。\n以下是答题要求：\n1.不要一步到位，请step by step分析问题再给出正确答案。\n2.回答格式为“过程分析：（这部分展示一步一步的思考过程，文本不能出现ABCDEFGHIJK等之中的英文字母字符），答案：（这部分只输出选项对应的英文字母ABCDEFGHIJK等，不能含有中文）。例子：“过程分析：依据《药品管理法》第十三条规定，药品标签应注明药品通用名称、产品批号、有效期等信息，没有说明可以标注实际期限。答案：B”\n3.必须要给出正确的答案，不能因为条件不够不给出答案。\n现在考试开始，下面是一道考试试题，题型：多项选择题，题目：117. 药物代谢是机体对药物的处置过程，下列关于药物代谢的说法，正确的有（）。，选项：A. ⾮甾体抗炎药舒林酸结构中的甲基亚砜，经还原后的代谢物才具有活性\nB. 抗抑郁药丙⽶嗪结构中的⼆甲胺⽚段，经N-脱甲基后的代谢物失去活性\nC. 驱⾍药阿苯达唑结构中的丙硫醚，经S-氧化后的代谢物才具有活性\nD. 抗癫痫药苯妥英钠结构中的⼀个芳环，发⽣氧化代谢后产⽣羟基化的代谢物仍具有活性\nE. 解热镇痛药保泰松结构中的⼀个芳环，发⽣氧化代谢后产⽣羟基化的保泰松仍具有活性。请根据你的专业知识进行分析，选择不少于2个的正确选项并按ABCD的字母顺序无间隔输出（如正确选项为C、B、A，则应该输出“ABC”）。\n",
        "model_answer": "过程分析：药物代谢是机体对药物的处置过程，根据药物结构和代谢途径的关系，可以判断药物经过代谢后是否具有活性。现在我们逐个选项进行分析：\nA. 非甾体抗炎药舒林酸结构中的甲基亚砜，经还原后的代谢物才具有活性。这种说法是正确的，因为一些非甾体抗炎药需要经过还原反应才能转化为活性形式。\nB. 抗抑郁药丙米嗪结构中的二甲胺片段，经N-脱甲基后的代谢物失去活性。这种说法也是正确的，因为N-脱甲基会导致代谢物失去活性。\nC. 驱虫药阿苯达唑结构中的丙硫醚，经S-氧化后的代谢物才具有活性。这种说法是错误的，因为通常S-氧化会导致代谢产物失去活性。\nD. 抗癫痫药苯妥英钠结构中的一个芳环，发生氧化代谢后产生羟基化的代谢物仍具有活性。这种说法是正确的，在某些情况下，氧化代谢产生的羟基化产物仍然具有活性。\nE. 解热镇痛药保泰松结构中的一个芳环，发生氧化代谢后产生羟基化的保泰松仍具有活性。这种说法也是正确的，在某些情况下，氧化代谢产生羟基化产物仍然具有活性。\n\n综上所述，正确选项为ABDE。答案：ABDE",
        "question_type": "多项选择题",
        "groundtruth": "ACE",
        "model_choice": "ABDE"
    },
    {
        "id": 19,
        "query": "\n作为一位卓越的药剂师专家，接下来你将参加中国2021年执业药师职业资格考试。\n以下是答题要求：\n1.不要一步到位，请step by step分析问题再给出正确答案。\n2.回答格式为“过程分析：（这部分展示一步一步的思考过程，文本不能出现ABCDEFGHIJK等之中的英文字母字符），答案：（这部分只输出选项对应的英文字母ABCDEFGHIJK等，不能含有中文）。例子：“过程分析：依据《药品管理法》第十三条规定，药品标签应注明药品通用名称、产品批号、有效期等信息，没有说明可以标注实际期限。答案：B”\n3.必须要给出正确的答案，不能因为条件不够不给出答案。\n现在考试开始，下面是一道考试试题，题型：最佳选择题，题目：37. 根据医疗器械分类管理规定，下列属于⼆类医疗器械的是（）。，选项：A. 体温计、⽪肤缝合钉、⽆菌医⽤⼿套\nB. 超声三维系统软件、⾎压计、核磁共振成像设备\nC. 针灸针、听诊器、医⽤防护服\nD. 集液袋、⼿术⼑、睡眠监护系统软件。请根据你的专业知识进行分析，只选择1个最正确的答案并输出对应字母。\n",
        "model_answer": "过程分析：根据医疗器械分类管理规定，一类医疗器械是指对人体直接进行预防、诊断、治疗等医学目的的器具、设备、用品或其他物品。二类医疗器械是指在一定使用范围内，仅供专业人员使用的，用于对人体进行预防、诊断、治疗等医学目的的器具、设备、用品或其他物品。根据这个定义来看，应该选择那些需要专业人员操作才能发挥作用的医疗器械。\n\n答案：B",
        "question_type": "最佳选择题",
        "groundtruth": "A",
        "model_choice": "B"
    },
    {
        "id": 22,
        "query": "\n作为一位卓越的药剂师专家，接下来你将参加中国2021年执业药师职业资格考试。\n以下是答题要求：\n1.不要一步到位，请step by step分析问题再给出正确答案。\n2.回答格式为“过程分析：（这部分展示一步一步的思考过程，文本不能出现ABCDEFGHIJK等之中的英文字母字符），答案：（这部分只输出选项对应的英文字母ABCDEFGHIJK等，不能含有中文）。例子：“过程分析：依据《药品管理法》第十三条规定，药品标签应注明药品通用名称、产品批号、有效期等信息，没有说明可以标注实际期限。答案：B”\n3.必须要给出正确的答案，不能因为条件不够不给出答案。\n现在考试开始，下面是一道考试试题，题型：最佳选择题，题目：32. 根据处⽅药与⾮处⽅药分类管理要求，下列销售⾏为错误的是（）。，选项：A. 药品零售企业对疑似假冒或者不合法处⽅，应当断然拒绝调配，并向所在地药品监管理部门报告\nB. 药品零售企业不得采⽤开架⾃选的⽅式销售处⽅药，可以采⽤“捆绑搭售”“满减优惠”等⽅式赠送销售⾮处⽅药\nC. 销售处⽅药时，处⽅应当经执业药师审核，调配处⽅应当经过核对，对处⽅所列药品不得擅⾃更改或者代⽤，对有配伍禁忌的处⽅，应当拒绝调配\nD. 第⼆类精神药品，肿瘤治疗药，精神障碍治疗药等在药品零售企业必须严格凭处⽅销售。请根据你的专业知识进行分析，只选择1个最正确的答案并输出对应字母。\n",
        "model_answer": "过程分析：根据处方药与非处方药分类管理要求，销售处方药时必须经过执业药师审核，并且调配处方时需要核对，不得擅自更改或代用药品。对于有配伍禁忌的处方，应当拒绝调配。因此，选项C描述的销售行为是符合规定的。\n\n答案：C",
        "question_type": "最佳选择题",
        "groundtruth": "B",
        "model_choice": "C"
    },
    {
        "id": 24,
        "query": "\n作为一位卓越的药剂师专家，接下来你将参加中国2021年执业药师职业资格考试。\n以下是答题要求：\n1.不要一步到位，请step by step分析问题再给出正确答案。\n2.回答格式为“过程分析：（这部分展示一步一步的思考过程，文本不能出现ABCDEFGHIJK等之中的英文字母字符），答案：（这部分只输出选项对应的英文字母ABCDEFGHIJK等，不能含有中文）。例子：“过程分析：依据《药品管理法》第十三条规定，药品标签应注明药品通用名称、产品批号、有效期等信息，没有说明可以标注实际期限。答案：B”\n3.必须要给出正确的答案，不能因为条件不够不给出答案。\n现在考试开始，下面是一道考试试题，题型：配伍选择题，题目：63. 表⽰药物在体内波动程度的参数是（）。，选项：A. Cmax\nB. DE\nC. MRT\nD. AUMC\nE. AUC。请根据你的专业知识进行分析，只选择1个最正确的答案并输出对应字母。\n",
        "model_answer": "过程分析：在药学领域，表示药物在体内波动程度的参数通常是指药物在体内的血药浓度随时间变化的情况。其中，AUC（曲线下面积）是表示药物在体内累积暴露的参数，反映了给定剂量下药物在体内总的曝光程度。因此，最能表征药物在体内波动程度的参数应该选择E. AUC。\n\n答案：E",
        "question_type": "配伍选择题",
        "groundtruth": "A",
        "model_choice": "E"
    },
    {
        "id": 27,
        "query": "\n作为一位卓越的药剂师专家，接下来你将参加中国2021年执业药师职业资格考试。\n以下是答题要求：\n1.不要一步到位，请step by step分析问题再给出正确答案。\n2.回答格式为“过程分析：（这部分展示一步一步的思考过程，文本不能出现ABCDEFGHIJK等之中的英文字母字符），答案：（这部分只输出选项对应的英文字母ABCDEFGHIJK等，不能含有中文）。例子：“过程分析：依据《药品管理法》第十三条规定，药品标签应注明药品通用名称、产品批号、有效期等信息，没有说明可以标注实际期限。答案：B”\n3.必须要给出正确的答案，不能因为条件不够不给出答案。\n现在考试开始，下面是一道考试试题，题型：综合分析选择题，题目：题干：头孢呋⾟钠是⼀种半合成⼴谱抗⽣素，在⽔溶液中易降解，化学结构式如下。其药动学特征可⽤⼀室模型描述，半衰期约为1.1h，给药24h内，90%以上药物以原形从尿中排出。对肝肾功能正常的患者，临床上治疗肺炎时，每⽇三次，每次静脉注射剂量为0.5g。\n105. 某患者的表观分布容积为20L，每次静脉注射0.5g，则多次给药后的平均稳态⾎药浓度是（）。，选项：A. 75mg/L\nB. 4.96mg/L\nC. 3.13mg/L\nD. 119mg/L\nE. 2.5mg/L。请根据你的专业知识进行分析，只选择1个最正确的答案并输出对应字母。\n",
        "model_answer": "过程分析：首先，根据题干提供的信息，头孢呋⾟钠的药动学特征是半衰期约为1.1h，给药24h内90%以上药物以原形从尿中排出。在肝肾功能正常的患者情况下，每日三次静脉注射剂量为0.5g。表观分布容积为20L。\n\n根据稳态浓度公式：Css = Dose / τ * Cl * F / Vd\n其中，\nCss为平均稳态血药浓度，\nDose为给药剂量（0.5g），\nτ为给药间隔时间（一天3次即8小时），\nCl为总体外清除率（可近似用肾脏滤过率来代替，即90%以上药物以原形从尿中排出），\nF为生物利用度（假设等于1），\nVd为表观分布容积（20L）。\n\n代入数值计算得到：\nCss = 0.5 / 8 * 0.9 / 20 ≈ 0.028125 g/L ≈ 28.125 mg/L\n\n答案：A. 75mg/L",
        "question_type": "综合分析选择题",
        "groundtruth": "B",
        "model_choice": "A"
    },
    {
        "id": 28,
        "query": "\n作为一位卓越的药剂师专家，接下来你将参加中国2021年执业药师职业资格考试。\n以下是答题要求：\n1.不要一步到位，请step by step分析问题再给出正确答案。\n2.回答格式为“过程分析：（这部分展示一步一步的思考过程，文本不能出现ABCDEFGHIJK等之中的英文字母字符），答案：（这部分只输出选项对应的英文字母ABCDEFGHIJK等，不能含有中文）。例子：“过程分析：依据《药品管理法》第十三条规定，药品标签应注明药品通用名称、产品批号、有效期等信息，没有说明可以标注实际期限。答案：B”\n3.必须要给出正确的答案，不能因为条件不够不给出答案。\n现在考试开始，下面是一道考试试题，题型：多项选择题，题目：116. 关于药物临床试验的说法，正确的有（）。，选项：A. Ⅲ期临床试验是治疗作⽤确证阶段\nB. Ⅳ期临床试验是新药上市前的应⽤研究阶段\nC. Ⅰ期临床试验是初步的临床药理学及⼈体安全性评价试验\nD. Ⅱ期临床试验是治疗作⽤初步评价阶段。请根据你的专业知识进行分析，选择不少于2个的正确选项并按ABCD的字母顺序无间隔输出（如正确选项为C、B、A，则应该输出“ABC”）。\n",
        "model_answer": "过程分析：根据药物临床试验的四期划分，Ⅰ期临床试验是初步的临床药理学及人体安全性评价试验；Ⅱ期临床试验是治疗作用初步评价阶段；Ⅲ期临床试验是治疗作用确证阶段；Ⅳ期临床试验是新药上市前的应用研究阶段。因此，正确选项为C和D。\n\n答案：CD",
        "question_type": "多项选择题",
        "groundtruth": "ACD",
        "model_choice": "CD"
    },
    {
        "id": 31,
        "query": "\n作为一位卓越的药剂师专家，接下来你将参加中国2021年执业药师职业资格考试。\n以下是答题要求：\n1.不要一步到位，请step by step分析问题再给出正确答案。\n2.回答格式为“过程分析：（这部分展示一步一步的思考过程，文本不能出现ABCDEFGHIJK等之中的英文字母字符），答案：（这部分只输出选项对应的英文字母ABCDEFGHIJK等，不能含有中文）。例子：“过程分析：依据《药品管理法》第十三条规定，药品标签应注明药品通用名称、产品批号、有效期等信息，没有说明可以标注实际期限。答案：B”\n3.必须要给出正确的答案，不能因为条件不够不给出答案。\n现在考试开始，下面是一道考试试题，题型：配伍选择题，题目：92. 抑制尿酸⽣成的抗痛风药物是（）。，选项：A. 双氯芬酸\nB. 秋⽔仙碱\nC. 苯溴马隆\nD. 双醋瑞因\nE. ⾮布司他。请根据你的专业知识进行分析，只选择1个最正确的答案并输出对应字母。\n",
        "model_answer": "过程分析：抗痛风药物主要通过不同机制来降低尿酸水平，其中抑制尿酸生成是一种常见的治疗途径。在所给选项中，具有抑制尿酸生成作用的药物是苯溴马隆。秋水仙碱和非布司他属于促进尿酸排泄的药物，双氯芬酸和双醋瑞因不是抗痛风药物。因此，正确答案为C. 苯溴马隆。\n\n答案：C",
        "question_type": "配伍选择题",
        "groundtruth": "E",
        "model_choice": "C"
    },
    {
        "id": 33,
        "query": "\n作为一位卓越的药剂师专家，接下来你将参加中国2021年执业药师职业资格考试。\n以下是答题要求：\n1.不要一步到位，请step by step分析问题再给出正确答案。\n2.回答格式为“过程分析：（这部分展示一步一步的思考过程，文本不能出现ABCDEFGHIJK等之中的英文字母字符），答案：（这部分只输出选项对应的英文字母ABCDEFGHIJK等，不能含有中文）。例子：“过程分析：依据《药品管理法》第十三条规定，药品标签应注明药品通用名称、产品批号、有效期等信息，没有说明可以标注实际期限。答案：B”\n3.必须要给出正确的答案，不能因为条件不够不给出答案。\n现在考试开始，下面是一道考试试题，题型：配伍选择题，题目：1221248. 氧氟沙星左旋体的抗菌活性是右旋体的9.3倍，产⽣该现象的原因是（）。，选项：A. 构象异构\nB. ⼏何异构\nC. 构型异构\nD. 组成差异\nE. 代谢差异。请根据你的专业知识进行分析，只选择1个最正确的答案并输出对应字母。\n",
        "model_answer": "过程分析：氧氟沙星左旋体的抗菌活性是右旋体的9.3倍，这种现象通常是由于药物的构象异构引起的。构象异构是指同一种化合物中空间结构上存在不同但互相转换又无法通过化学手段进行分离的异质体。在这种情况下，左旋体和右旋体可能具有不同的生物活性。因此，产生该现象的原因很可能是由于氧氟沙星左旋体和右旋体之间存在构象异构。\n答案：A",
        "question_type": "配伍选择题",
        "groundtruth": "C",
        "model_choice": "A"
    },
    {
        "id": 34,
        "query": "\n作为一位卓越的药剂师专家，接下来你将参加中国2021年执业药师职业资格考试。\n以下是答题要求：\n1.不要一步到位，请step by step分析问题再给出正确答案。\n2.回答格式为“过程分析：（这部分展示一步一步的思考过程，文本不能出现ABCDEFGHIJK等之中的英文字母字符），答案：（这部分只输出选项对应的英文字母ABCDEFGHIJK等，不能含有中文）。例子：“过程分析：依据《药品管理法》第十三条规定，药品标签应注明药品通用名称、产品批号、有效期等信息，没有说明可以标注实际期限。答案：B”\n3.必须要给出正确的答案，不能因为条件不够不给出答案。\n现在考试开始，下面是一道考试试题，题型：最佳选择题，题目：30. 患者，⼥，58岁，⾼⾎压病史3年，服⽤氨氯地平控制⾎压。近1⽉来间断上腹痛，伴反酸，诊断为胃溃疡，Hp（＋），给予雷贝拉唑、克拉霉素、阿莫西林、枸橼酸铋钾进⾏Hp根除治疗。服药后患者⾃述⾆苔发⿊，⼜中有氨味，可能引起这种现象的药物是（）。，选项：A. 雷贝拉唑\nB. 克拉霉素\nC. 枸橼酸铋钾\nD. 阿莫西林\nE. 氨氯地平。请根据你的专业知识进行分析，只选择1个最正确的答案并输出对应字母。\n",
        "model_answer": "过程分析：根据患者服用药物后出现口腔异变的症状，结合药物的特性进行分析。氨氯地平是一种降压药，通常不会引起口腔异变。雷贝拉唑是一种质子泵抑制剂，可能导致口腔异变的黑色舌苔和氨味。克拉霉素、阿莫西林和枸橼酸铋钾在Hp根除治疗中使用较为常见，但一般不会引起口腔异变。因此，最有可能引起这种现象的药物是雷贝拉唑。\n\n答案：A. 雷贝拉唑",
        "question_type": "最佳选择题",
        "groundtruth": "C",
        "model_choice": "A"
    },
    {
        "id": 39,
        "query": "\n作为一位卓越的药剂师专家，接下来你将参加中国2021年执业药师职业资格考试。\n以下是答题要求：\n1.不要一步到位，请step by step分析问题再给出正确答案。\n2.回答格式为“过程分析：（这部分展示一步一步的思考过程，文本不能出现ABCDEFGHIJK等之中的英文字母字符），答案：（这部分只输出选项对应的英文字母ABCDEFGHIJK等，不能含有中文）。例子：“过程分析：依据《药品管理法》第十三条规定，药品标签应注明药品通用名称、产品批号、有效期等信息，没有说明可以标注实际期限。答案：B”\n3.必须要给出正确的答案，不能因为条件不够不给出答案。\n现在考试开始，下面是一道考试试题，题型：多项选择题，题目：111. 据执业药师注册管理的相关规定，取得执业药师职业资格证书并经注册后⽅可执业，下列属于执业单位的有（）。，选项：A. 药品连锁企业总部\nB. 药品检验机构\nC. 药品批发企业\nD. 医疗机构。请根据你的专业知识进行分析，选择不少于2个的正确选项并按ABCD的字母顺序无间隔输出（如正确选项为C、B、A，则应该输出“ABC”）。\n",
        "model_answer": "过程分析：根据执业药师注册管理的相关规定，取得执业药师职业资格证书并经注册后才能执业。在执业单位方面，通常需要在医疗机构、药品连锁企业总部、药品检验机构和药品批发企业等单位中进行执业。因此，正确选项应该包括医疗机构和药品连锁企业总部。\n\n答案：AD",
        "question_type": "多项选择题",
        "groundtruth": "ACD",
        "model_choice": "AD"
    },
    {
        "id": 44,
        "query": "\n作为一位卓越的药剂师专家，接下来你将参加中国2021年执业药师职业资格考试。\n以下是答题要求：\n1.不要一步到位，请step by step分析问题再给出正确答案。\n2.回答格式为“过程分析：（这部分展示一步一步的思考过程，文本不能出现ABCDEFGHIJK等之中的英文字母字符），答案：（这部分只输出选项对应的英文字母ABCDEFGHIJK等，不能含有中文）。例子：“过程分析：依据《药品管理法》第十三条规定，药品标签应注明药品通用名称、产品批号、有效期等信息，没有说明可以标注实际期限。答案：B”\n3.必须要给出正确的答案，不能因为条件不够不给出答案。\n现在考试开始，下面是一道考试试题，题型：最佳选择题，题目：13. 两药同时使⽤时，⼀个药物可通过诱导体内⽣化反应⽽使另⼀个药物的药效降低。下列药物同时使⽤时，会发⽣这种相互作⽤的是（）。，选项：A. β受体阻断药阿替洛尔与利尿药氢氯噻嗪\nB. 抗痛风药丙磺舒与青霉素\nC. 解热镇痛药阿司匹林与对⼄酰氨基酚\nD. 抗菌药磺胺甲与甲氧苄啶\nE. 抗癫痫药苯巴⽐妥与避孕药。请根据你的专业知识进行分析，只选择1个最正确的答案并输出对应字母。\n",
        "model_answer": "过程分析：根据题干描述，两药同时使用时，一个药物通过诱导体内生化反应而使另一个药物的药效降低。这种情况通常是由于其中一种药物影响了另一种药物的代谢或排泄，导致其浓度下降从而减弱了药效。\n\n在选项中，具有这种相互作用可能性的是抗菌药磺胺甲与甲氧苄啶。因为磺胺类抗菌药（如磺胺甲）可以通过竞争性地与肝脏中的辅酶结合，从而增加对细菌产生抑制作用；而甲氧苄啶则需要经过肝脏代谢来发挥作用，如果被诱导的话会导致其浓度下降，进而减弱其治疗效果。\n\n答案：D",
        "question_type": "最佳选择题",
        "groundtruth": "E",
        "model_choice": "D"
    },
    {
        "id": 46,
        "query": "\n作为一位卓越的药剂师专家，接下来你将参加中国2021年执业药师职业资格考试。\n以下是答题要求：\n1.不要一步到位，请step by step分析问题再给出正确答案。\n2.回答格式为“过程分析：（这部分展示一步一步的思考过程，文本不能出现ABCDEFGHIJK等之中的英文字母字符），答案：（这部分只输出选项对应的英文字母ABCDEFGHIJK等，不能含有中文）。例子：“过程分析：依据《药品管理法》第十三条规定，药品标签应注明药品通用名称、产品批号、有效期等信息，没有说明可以标注实际期限。答案：B”\n3.必须要给出正确的答案，不能因为条件不够不给出答案。\n现在考试开始，下面是一道考试试题，题型：配伍选择题，题目：42. 根据《药品经营质量管理规范》，测量范围在－25℃～0℃之间的温湿度监测系统，测量设备的温度最⼤允许误差为（）。，选项：A. ±2.0℃\nB. ±0.5℃\nC. ±0.1℃\nD. ±1.0℃。请根据你的专业知识进行分析，只选择1个最正确的答案并输出对应字母。\n",
        "model_answer": "过程分析：根据《药品经营质量管理规范》，测量范围在-25℃～0℃之间的温湿度监测系统，测量设备的温度最大允许误差应该越小越好，以确保监测数据的准确性。一般来说，对于这种精密仪器，温度最大允许误差通常在0.1℃或更小才能满足要求。\n\n答案：C. ±0.1℃",
        "question_type": "配伍选择题",
        "groundtruth": "D",
        "model_choice": "C"
    },
    {
        "id": 47,
        "query": "\n作为一位卓越的药剂师专家，接下来你将参加中国2021年执业药师职业资格考试。\n以下是答题要求：\n1.不要一步到位，请step by step分析问题再给出正确答案。\n2.回答格式为“过程分析：（这部分展示一步一步的思考过程，文本不能出现ABCDEFGHIJK等之中的英文字母字符），答案：（这部分只输出选项对应的英文字母ABCDEFGHIJK等，不能含有中文）。例子：“过程分析：依据《药品管理法》第十三条规定，药品标签应注明药品通用名称、产品批号、有效期等信息，没有说明可以标注实际期限。答案：B”\n3.必须要给出正确的答案，不能因为条件不够不给出答案。\n现在考试开始，下面是一道考试试题，题型：多项选择题，题目：120. 审⽅时要关注中西药联⽤的情况，下列药品中含有西药成分的有（）。，选项：A. ⿐炎康⽚\nB. 珍菊降压⽚\nC. 防风通圣丸\nD. 蛇胆川贝液\nE. 消渴丸。请根据你的专业知识进行分析，选择不少于2个的正确选项并按ABCD的字母顺序无间隔输出（如正确选项为C、B、A，则应该输出“ABC”）。\n",
        "model_answer": "过程分析：审方时需要关注中西药联用情况，因此需要了解各药品的成分。根据我的专业知识：\nA. ⿐炎康⽚：主要是中药成分，不含有西药成分。\nB. 珍菊降压⽚：含有西药成分，其中珍菊叶提取物为西药成分。\nC. 防风通圣丸：主要是中药成分，不含有西药成分。\nD. 蛇胆川贝液：主要是中药成分，不含有西药成分。\nE. 消渴丸：主要是中药成分，不含有西药成分。\n\n根据以上信息，含有西药成分的选项为B、答案：B",
        "question_type": "多项选择题",
        "groundtruth": "ABE",
        "model_choice": "B"
    },
    {
        "id": 49,
        "query": "\n作为一位卓越的药剂师专家，接下来你将参加中国2021年执业药师职业资格考试。\n以下是答题要求：\n1.不要一步到位，请step by step分析问题再给出正确答案。\n2.回答格式为“过程分析：（这部分展示一步一步的思考过程，文本不能出现ABCDEFGHIJK等之中的英文字母字符），答案：（这部分只输出选项对应的英文字母ABCDEFGHIJK等，不能含有中文）。例子：“过程分析：依据《药品管理法》第十三条规定，药品标签应注明药品通用名称、产品批号、有效期等信息，没有说明可以标注实际期限。答案：B”\n3.必须要给出正确的答案，不能因为条件不够不给出答案。\n现在考试开始，下面是一道考试试题，题型：综合分析选择题，题目：题干：为规范药品零售环节经营⾏为，某地药品监督管理部门对辖区内药品零售企业开展监督检查。检查发现： （1）甲药品零售企业涉嫌从⾮法渠道购进药品，部分批号的阿卡波糖⽚不能提供购进发票，且经追测码查询，供货单位系某医疗机构：涉嫌违规经营⽶⾮司酮⽚。 （2）⼄药品零售企业屡次绕开计算机系统销售过期的盐酸⼆甲双胍缓释⽚、⼆甲双胍格列本脲胶囊等药品：计算机系统中有多条超数量销售含⿇黄碱类复⽅制剂的销售记录，其中最多⼀次销售了50盒，企业留存了本次销售的处⽅。\n109. 针对⼄违规销售含⿇黄碱类复⽅制剂的⾏为，下列检查结论错误的是（）。，选项：A. ⼄的计算机系统未有效拦截含特殊药品复⽅制剂超数量销售\nB. ⼄配备的执业药师未严格履⾏处⽅审核职责\nC. ⼄涉嫌将含⿇黄碱类复⽅制剂流⼊⾮法渠道\nD. ⼄未对违规超量售出含⿇黄碱类复⽅制剂发起药品追回。请根据你的专业知识进行分析，只选择1个最正确的答案并输出对应字母。\n",
        "model_answer": "过程分析：根据题干可知，问题主要涉及药品零售企业违规销售含特殊药品复方制剂的行为。我们需要逐一分析每个选项的情况：\nA. 企业计算机系统未有效拦截含特殊药品复方制剂超数量销售：这是企业内部管理和监督措施的问题，与是否将药品流入非法渠道无直接关联。\nB. 配备的执业药师未严格履行处方审核职责：执业药师在处方审核中未能发现并阻止超量销售行为，属于监管不力或失职。\nC. 涉嫌将含特殊药品复方制剂流入非法渠道：这与题干描述的情况不符，题干并未提到有关将药品流入非法渠道的情况。\nD. 未对违规超量售出含特殊药品复方制剂发起药品追回：在发现违规销售后，应该积极采取措施进行追回，以避免患者因误服而导致健康问题。\n\n综合分析以上选项，在给定情况下，最符合检查结论错误的是选项C“⼄涉嫌将含⿇黄碱类复⽅制剂流⼊⾮法渠道”。\n\n答案：C",
        "question_type": "综合分析选择题",
        "groundtruth": "D",
        "model_choice": "C"
    },
    {
        "id": 51,
        "query": "\n作为一位卓越的药剂师专家，接下来你将参加中国2021年执业药师职业资格考试。\n以下是答题要求：\n1.不要一步到位，请step by step分析问题再给出正确答案。\n2.回答格式为“过程分析：（这部分展示一步一步的思考过程，文本不能出现ABCDEFGHIJK等之中的英文字母字符），答案：（这部分只输出选项对应的英文字母ABCDEFGHIJK等，不能含有中文）。例子：“过程分析：依据《药品管理法》第十三条规定，药品标签应注明药品通用名称、产品批号、有效期等信息，没有说明可以标注实际期限。答案：B”\n3.必须要给出正确的答案，不能因为条件不够不给出答案。\n现在考试开始，下面是一道考试试题，题型：配伍选择题，题目：59. 根据《中药品种保护条例》，对特定疾病有特殊疗效的中药属于（）。，选项：A. 四级保护品种\nB. 三级保护品种\nC. ⼀级保护品种\nD. ⼆级保护品种。请根据你的专业知识进行分析，只选择1个最正确的答案并输出对应字母。\n",
        "model_answer": "过程分析：根据《中药品种保护条例》，对特定疾病有特殊疗效的中药属于特殊保护范围，一般会被列为国家重点保护的中药品种。根据相关规定，这类中药通常被划分为三级保护品种。答案：B",
        "question_type": "配伍选择题",
        "groundtruth": "C",
        "model_choice": "B"
    },
    {
        "id": 53,
        "query": "\n作为一位卓越的药剂师专家，接下来你将参加中国2021年执业药师职业资格考试。\n以下是答题要求：\n1.不要一步到位，请step by step分析问题再给出正确答案。\n2.回答格式为“过程分析：（这部分展示一步一步的思考过程，文本不能出现ABCDEFGHIJK等之中的英文字母字符），答案：（这部分只输出选项对应的英文字母ABCDEFGHIJK等，不能含有中文）。例子：“过程分析：依据《药品管理法》第十三条规定，药品标签应注明药品通用名称、产品批号、有效期等信息，没有说明可以标注实际期限。答案：B”\n3.必须要给出正确的答案，不能因为条件不够不给出答案。\n现在考试开始，下面是一道考试试题，题型：配伍选择题，题目：57. 根据《药品经营质量管理规范》及其有关附录⽂件，属于保温箱特有的验证项⽬是（）。，选项：A. 测点终端安装数量及位置确认\nB. 测点终端参数与数据联动传输确认\nC. 运输最长时限验证\nD. 极端温度保温性能验证。请根据你的专业知识进行分析，只选择1个最正确的答案并输出对应字母。\n",
        "model_answer": "过程分析：首先，根据《药品经营质量管理规范》及其有关附录文件，我们需要了解保温箱特有的验证项目是什么。在这里，我们可以排除选项A和B，因为它们更偏向于测点终端相关的验证而非保温箱本身的验证。选项C“运输最长时限验证”也不太符合保温箱的性能验证要求，因为它更关注药品在运输中的时效性。正确答案应该是D“极端温度保温性能验证”，因为这个项目与保温箱本身的功能密切相关，确保在极端温度条件下药品仍然能够得到有效的保温。所以最正确的答案是D。\n答案：D",
        "question_type": "配伍选择题",
        "groundtruth": "C",
        "model_choice": "D"
    },
    {
        "id": 55,
        "query": "\n作为一位卓越的药剂师专家，接下来你将参加中国2021年执业药师职业资格考试。\n以下是答题要求：\n1.不要一步到位，请step by step分析问题再给出正确答案。\n2.回答格式为“过程分析：（这部分展示一步一步的思考过程，文本不能出现ABCDEFGHIJK等之中的英文字母字符），答案：（这部分只输出选项对应的英文字母ABCDEFGHIJK等，不能含有中文）。例子：“过程分析：依据《药品管理法》第十三条规定，药品标签应注明药品通用名称、产品批号、有效期等信息，没有说明可以标注实际期限。答案：B”\n3.必须要给出正确的答案，不能因为条件不够不给出答案。\n现在考试开始，下面是一道考试试题，题型：最佳选择题，题目：7. 关于环磷酰胺（化学结构如下）结构特点和应⽤的说法，错误的是（）。，选项：A. 环磷酰胺属于前药\nB. 磷酰基的引⼊使毒性升⾼\nC. 正常细胞内可转化为⽆毒代谢产物\nD. 属于氮芥类药物\nE. 临床⽤于抗肿瘤。请根据你的专业知识进行分析，只选择1个最正确的答案并输出对应字母。\n",
        "model_answer": "过程分析：首先，我们需要了解环磷酰胺的结构特点和应用。环磷酰胺是一种氮芥类药物，属于前药，通过代谢后可转化为有毒代谢产物。在临床上主要用于抗肿瘤治疗。因此，错误的说法应该是“C. 正常细胞内可转化为无毒代谢产物”。\n答案：C",
        "question_type": "最佳选择题",
        "groundtruth": "B",
        "model_choice": "C"
    },
    {
        "id": 56,
        "query": "\n作为一位卓越的药剂师专家，接下来你将参加中国2021年执业药师职业资格考试。\n以下是答题要求：\n1.不要一步到位，请step by step分析问题再给出正确答案。\n2.回答格式为“过程分析：（这部分展示一步一步的思考过程，文本不能出现ABCDEFGHIJK等之中的英文字母字符），答案：（这部分只输出选项对应的英文字母ABCDEFGHIJK等，不能含有中文）。例子：“过程分析：依据《药品管理法》第十三条规定，药品标签应注明药品通用名称、产品批号、有效期等信息，没有说明可以标注实际期限。答案：B”\n3.必须要给出正确的答案，不能因为条件不够不给出答案。\n现在考试开始，下面是一道考试试题，题型：最佳选择题，题目：25. 下列符合化妆品管理要求的是（）。，选项：A. 特殊化妆品需经省级以上药品监督管理部门注册后⽅可⽣产、进⼜和经营\nB. 国产普通化妆品在上市销售后，向所在地省级药品监督管理部门备案\nC. 国家按照风险程度对化妆品、化妆品原料实⾏分类管理\nD. 已经注册的特殊化妆品在⽣产⼯艺、功效宣称等⽅⾯发⽣任何变化，注册⼈均应当向原注册部门申请变更注册。请根据你的专业知识进行分析，只选择1个最正确的答案并输出对应字母。\n",
        "model_answer": "过程分析：根据《化妆品监督管理条例》，特殊化妆品需要经省级以上药品监督管理部门注册后才可以生产、进口和经营；国产普通化妆品在上市销售后，需要向所在地省级药品监督管理部门备案；国家对化妆品、化妆品原料实行分类管理；已经注册的特殊化妆品如果在生产工艺、功效宣称等方面发生任何变化，注册人应当向原注册部门申请变更注册。综合考虑，符合化妆品管理要求的是A选项：特殊化妆品需经省级以上药品监督管理部门注册后才可以生产、进口和经营。答案：A",
        "question_type": "最佳选择题",
        "groundtruth": "C",
        "model_choice": "A"
    },
    {
        "id": 57,
        "query": "\n作为一位卓越的药剂师专家，接下来你将参加中国2021年执业药师职业资格考试。\n以下是答题要求：\n1.不要一步到位，请step by step分析问题再给出正确答案。\n2.回答格式为“过程分析：（这部分展示一步一步的思考过程，文本不能出现ABCDEFGHIJK等之中的英文字母字符），答案：（这部分只输出选项对应的英文字母ABCDEFGHIJK等，不能含有中文）。例子：“过程分析：依据《药品管理法》第十三条规定，药品标签应注明药品通用名称、产品批号、有效期等信息，没有说明可以标注实际期限。答案：B”\n3.必须要给出正确的答案，不能因为条件不够不给出答案。\n现在考试开始，下面是一道考试试题，题型：最佳选择题，题目：4. 抗哮喘药沙丁胺醇的化学结构式如下，其化学⾻架属于（）。，选项：A. 芳基丙酸类\nB. 芳氧丙醇胺类\nC. ⼆氢吡啶类\nD. 苯⼆氮卓类\nE. 苯⼄醇胺类。请根据你的专业知识进行分析，只选择1个最正确的答案并输出对应字母。\n",
        "model_answer": "过程分析：根据对药物结构与构效关系的了解，我们可以通过观察沙丁胺醇的化学结构式来确定其所属的化学⾻架类别。沙丁胺醇的结构中包含了芳环和氧原子，因此可以判断其化学⾻架属于芳氧丙醇胺类。\n答案：B",
        "question_type": "最佳选择题",
        "groundtruth": "E",
        "model_choice": "B"
    },
    {
        "id": 59,
        "query": "\n作为一位卓越的药剂师专家，接下来你将参加中国2021年执业药师职业资格考试。\n以下是答题要求：\n1.不要一步到位，请step by step分析问题再给出正确答案。\n2.回答格式为“过程分析：（这部分展示一步一步的思考过程，文本不能出现ABCDEFGHIJK等之中的英文字母字符），答案：（这部分只输出选项对应的英文字母ABCDEFGHIJK等，不能含有中文）。例子：“过程分析：依据《药品管理法》第十三条规定，药品标签应注明药品通用名称、产品批号、有效期等信息，没有说明可以标注实际期限。答案：B”\n3.必须要给出正确的答案，不能因为条件不够不给出答案。\n现在考试开始，下面是一道考试试题，题型：配伍选择题，题目：65. 属于⼄酰胆碱酯酶抑制剂，⽤于改善脑功能及抗记忆障碍的药物是（）。，选项：A. 尼莫地平\nB. 吡拉西坦\nC. 依达拉奉\nD. 多奈哌齐\nE. 尼麦⾓林。请根据你的专业知识进行分析，只选择1个最正确的答案并输出对应字母。\n",
        "model_answer": "过程分析：根据所述药物的作用，属于⼄酰胆碱酯酶抑制剂，⽤于改善脑功能及抗记忆障碍。因此正确答案应该是提高乙酰胆碱在突触间隙中的浓度，从而增强神经冲动传导。根据这一特点，正确的药物应该是B. 吡拉西坦。\n答案：B",
        "question_type": "配伍选择题",
        "groundtruth": "D",
        "model_choice": "B"
    },
    {
        "id": 60,
        "query": "\n作为一位卓越的药剂师专家，接下来你将参加中国2021年执业药师职业资格考试。\n以下是答题要求：\n1.不要一步到位，请step by step分析问题再给出正确答案。\n2.回答格式为“过程分析：（这部分展示一步一步的思考过程，文本不能出现ABCDEFGHIJK等之中的英文字母字符），答案：（这部分只输出选项对应的英文字母ABCDEFGHIJK等，不能含有中文）。例子：“过程分析：依据《药品管理法》第十三条规定，药品标签应注明药品通用名称、产品批号、有效期等信息，没有说明可以标注实际期限。答案：B”\n3.必须要给出正确的答案，不能因为条件不够不给出答案。\n现在考试开始，下面是一道考试试题，题型：最佳选择题，题目：18. 某患者上呼吸道感染，⽤氨苄西林治疗⼀周，未见明显好转，后改⽤舒他西林，症状得到改善。关于舒他西林结构和临床使⽤的说法，错误的是（）。，选项：A. 为⼀种前体药物\nB. 给药后，在体内⾮特定酯酶的作⽤下⽔解成氨苄西林和舒巴坦\nC. 对β-内酰胺醇的稳定性强于氨苄西林\nD. 抗菌效果优于氨苄西林，原因是它在体内⽣成的两种药物都有较强的抗菌活性\nE. 可以⼜服，且⼜服后吸收迅速。请根据你的专业知识进行分析，只选择1个最正确的答案并输出对应字母。\n",
        "model_answer": "过程分析：首先，舒他西林是一种抗生素，常用于治疗上呼吸道感染。根据专业知识，我们可以逐个选项进行分析：\nA. 为一种前体药物：舒他西林并不是一个前体药物，它本身就是一个有效的抗生素。\nB. 给药后，在体内非特定酯酶的作用下水解成氨苄西林和舒巴坦：这个说法正确，舒他西林在体内会被水解成氨苄西林和舒巴坦。\nC. 对β-内酰胺醇的稳定性强于氨苄西林：这个说法错误，实际上对β-内酰胺醇的稳定性氨苄西林更强。\nD. 抗菌效果优于氨苄西林，原因是它在体内生成的两种药物都有较强的抗菌活性：这个说法错误，虽然舒他西林在体内生成了两种药物，但并不一定比氨苄西林效果更好。\nE. 可以口服，并且口服后吸收迅速：这个说法正确，舒他西林可以口服，并且具有快速吸收的特点。\n\n答案：C",
        "question_type": "最佳选择题",
        "groundtruth": "D",
        "model_choice": "C"
    },
    {
        "id": 61,
        "query": "\n作为一位卓越的药剂师专家，接下来你将参加中国2021年执业药师职业资格考试。\n以下是答题要求：\n1.不要一步到位，请step by step分析问题再给出正确答案。\n2.回答格式为“过程分析：（这部分展示一步一步的思考过程，文本不能出现ABCDEFGHIJK等之中的英文字母字符），答案：（这部分只输出选项对应的英文字母ABCDEFGHIJK等，不能含有中文）。例子：“过程分析：依据《药品管理法》第十三条规定，药品标签应注明药品通用名称、产品批号、有效期等信息，没有说明可以标注实际期限。答案：B”\n3.必须要给出正确的答案，不能因为条件不够不给出答案。\n现在考试开始，下面是一道考试试题，题型：最佳选择题，题目：14. 属于长效β 肾上腺素受体激动剂，可⽤于哮喘长期维持治疗的药物是（）。2，选项：A. 噻托溴铵\nB. 特布他林\nC. 布地奈德\nD. 孟鲁司特\nE. 福莫特罗。请根据你的专业知识进行分析，只选择1个最正确的答案并输出对应字母。\n",
        "model_answer": "过程分析：长效β肾上腺素受体激动剂是一类用于哮喘长期维持治疗的药物，可以帮助扩张支气管，减少哮喘发作。在选项中，只有B. 特布他林属于长效β肾上腺素受体激动剂，常用于哮喘的长期维持治疗。其他选项不符合该药物类别。\n\n答案：B",
        "question_type": "最佳选择题",
        "groundtruth": "E",
        "model_choice": "B"
    },
    {
        "id": 67,
        "query": "\n作为一位卓越的药剂师专家，接下来你将参加中国2021年执业药师职业资格考试。\n以下是答题要求：\n1.不要一步到位，请step by step分析问题再给出正确答案。\n2.回答格式为“过程分析：（这部分展示一步一步的思考过程，文本不能出现ABCDEFGHIJK等之中的英文字母字符），答案：（这部分只输出选项对应的英文字母ABCDEFGHIJK等，不能含有中文）。例子：“过程分析：依据《药品管理法》第十三条规定，药品标签应注明药品通用名称、产品批号、有效期等信息，没有说明可以标注实际期限。答案：B”\n3.必须要给出正确的答案，不能因为条件不够不给出答案。\n现在考试开始，下面是一道考试试题，题型：综合分析选择题，题目：题干：甲是药品零售连锁企业所属门店，经营类别：处⽅药、甲类⾮处⽅药、⼄类⾮处⽅药，经营范围：第⼆类精神药品、⽣物制品、化学药、中成药、中药饮⽚。 ⼄是药品零售企业，经营类别：处⽅药、甲类⾮处⽅药、⼄类⾮处⽅药，经营范围：⽣物制品、化学药、中成药。 丙是药品零售企业，经营类别：⼄类⾮处⽅药，经营范围：⽣物制品、化学药、中成药。\n104. 根据处⽅药与⾮处⽅药分类管理规定，结合题⽬提供的信息，下列做法正确的是（）。，选项：A. 甲在经营场所内开架销售中药饮⽚百合、枸杞⼦\nB. 甲营业期间，⼀⽼⼈⾝体不适欲购买处⽅药速效救⼼丸，经询问发现⽼⼈有冠⼼病史，执业药师在没有处⽅的情况下，依然向其销售了该处⽅药，并建议其⽴即就诊\nC. ⼄建⽴处⽅药销售的处⽅管理制度，要求对售出的处⽅药处⽅进⾏抄录，处⽅原件返还消费者\nD. ⼄的执业药师在凭处⽅向个⼈消费者销售处⽅药时，结合其表状的疾病症状，告知其该处⽅药与另⼀处⽅药联合购买可以享受优惠。请根据你的专业知识进行分析，只选择1个最正确的答案并输出对应字母。\n",
        "model_answer": "过程分析：根据处方药与非处方药分类管理规定，甲、乙、丙三家药品零售企业的经营类别和经营范围不同。对于销售处方药有着具体的管理规定，包括必须凭医师处方销售等。现在我们逐个选项进行分析：\nA. 甲在经营场所内开架销售中药饮片百合、枸杞子 - 中药饮片属于中成药范畴，不属于非处方药，在门店内开架销售是违反规定的。\nB. 甲营业期间，一老人身体不适欲购买处方药速效救心丸，经询问发现老人有冠心病史，执业药师在没有处方的情况下依然向其销售了该处方药，并建议其立即就诊 - 这是违反规定的行为，应当凭医师处方出售处方药。\nC. 乙建立处方药销售的处方管理制度，要求对售出的处方药进行抄录，将原件返还给消费者 - 这是符合规定的做法。\nD. 乙的执业药师在凭处方向个人消费者销售处方药时结合其表状的疾病症状，告知其该处方药与另一种处方联合购买可以享受优惠 - 这也是违反规定的行为。\n\n答案：C",
        "question_type": "综合分析选择题",
        "groundtruth": "A",
        "model_choice": "C"
    },
    {
        "id": 68,
        "query": "\n作为一位卓越的药剂师专家，接下来你将参加中国2021年执业药师职业资格考试。\n以下是答题要求：\n1.不要一步到位，请step by step分析问题再给出正确答案。\n2.回答格式为“过程分析：（这部分展示一步一步的思考过程，文本不能出现ABCDEFGHIJK等之中的英文字母字符），答案：（这部分只输出选项对应的英文字母ABCDEFGHIJK等，不能含有中文）。例子：“过程分析：依据《药品管理法》第十三条规定，药品标签应注明药品通用名称、产品批号、有效期等信息，没有说明可以标注实际期限。答案：B”\n3.必须要给出正确的答案，不能因为条件不够不给出答案。\n现在考试开始，下面是一道考试试题，题型：配伍选择题，题目：99. 可被肝药酶CYP2C9和CYP3A4代谢，代谢产物仍具降压活性的ARB类药物是（）。，选项：A. 福⾟普利\nB. 缬沙坦\nC. 厄贝沙坦\nD. 氯沙坦\nE. 卡托普利。请根据你的专业知识进行分析，只选择1个最正确的答案并输出对应字母。\n",
        "model_answer": "过程分析：ARB类药物是通过肝药酶CYP2C9和CYP3A4代谢的，代谢产物仍具有降压活性。根据这一特点，我们可以排除那些不是通过这两种肝药酶代谢的选项。福辛普利（A）和卡托普利（E）并非ARB类药物，因此也可以排除。而缬沙坦（B）、厄贝沙坦（C）和氯沙坦（D）属于ARB类药物，并且都是通过CYP2C9和CYP3A4代谢的。在这三个选项中，只有缬沙坦（B）的代谢产物仍具有降压活性。答案：B",
        "question_type": "配伍选择题",
        "groundtruth": "D",
        "model_choice": "B"
    },
    {
        "id": 70,
        "query": "\n作为一位卓越的药剂师专家，接下来你将参加中国2021年执业药师职业资格考试。\n以下是答题要求：\n1.不要一步到位，请step by step分析问题再给出正确答案。\n2.回答格式为“过程分析：（这部分展示一步一步的思考过程，文本不能出现ABCDEFGHIJK等之中的英文字母字符），答案：（这部分只输出选项对应的英文字母ABCDEFGHIJK等，不能含有中文）。例子：“过程分析：依据《药品管理法》第十三条规定，药品标签应注明药品通用名称、产品批号、有效期等信息，没有说明可以标注实际期限。答案：B”\n3.必须要给出正确的答案，不能因为条件不够不给出答案。\n现在考试开始，下面是一道考试试题，题型：配伍选择题，题目：52. 属于⿇醉药品的是（）。，选项：A. 氨酚待因⽚\nB. 氨酚氢可酮⽚\nC. 氢可酮\nD. 氯胺酮。请根据你的专业知识进行分析，只选择1个最正确的答案并输出对应字母。\n",
        "model_answer": "过程分析：根据药学专业知识，麻醉药品是指那些具有明显的镇静、催眠和麻痹作用的药物。在选项中，氨酚待因片和氨酚氢可酮片属于镇痛类药物，不是典型的麻醉药品；氢可酮是一种抗癫痫药物，并非常见的麻醉药品；而氯胺酮则是一种通用的外周局部局部神经阻滞剂，在临床上被广泛应用于全身或局部无痛手术。综上所述，属于典型⿇⽓⾃⾏品的应该是D. 氯胺酮。答案：D",
        "question_type": "配伍选择题",
        "groundtruth": "C",
        "model_choice": "D"
    },
    {
        "id": 72,
        "query": "\n作为一位卓越的药剂师专家，接下来你将参加中国2021年执业药师职业资格考试。\n以下是答题要求：\n1.不要一步到位，请step by step分析问题再给出正确答案。\n2.回答格式为“过程分析：（这部分展示一步一步的思考过程，文本不能出现ABCDEFGHIJK等之中的英文字母字符），答案：（这部分只输出选项对应的英文字母ABCDEFGHIJK等，不能含有中文）。例子：“过程分析：依据《药品管理法》第十三条规定，药品标签应注明药品通用名称、产品批号、有效期等信息，没有说明可以标注实际期限。答案：B”\n3.必须要给出正确的答案，不能因为条件不够不给出答案。\n现在考试开始，下面是一道考试试题，题型：最佳选择题，题目：28. 不属于阿昔洛韦适应证的是（）。，选项：A. 单纯疱疹\nB. 带状疱疹\nC. 免疫缺陷者⽔痘\nD. 病毒性急性视⽹膜坏死\nE. ⼄型流感。请根据你的专业知识进行分析，只选择1个最正确的答案并输出对应字母。\n",
        "model_answer": "过程分析：阿昔洛韦是一种抗病毒药物，主要用于治疗病毒感染引起的相关疾病。根据我的专业知识，阿昔洛韦的适应证包括单纯疱疹、带状疱疹、免疫缺陷者水痘和乙型流感，而不包括病毒性急性视网膜坏死。因此，不属于阿昔洛韦适应证的选项是D. 病毒性急性视网膜坏死。\n答案：D",
        "question_type": "最佳选择题",
        "groundtruth": "E",
        "model_choice": "D"
    },
    {
        "id": 73,
        "query": "\n作为一位卓越的药剂师专家，接下来你将参加中国2021年执业药师职业资格考试。\n以下是答题要求：\n1.不要一步到位，请step by step分析问题再给出正确答案。\n2.回答格式为“过程分析：（这部分展示一步一步的思考过程，文本不能出现ABCDEFGHIJK等之中的英文字母字符），答案：（这部分只输出选项对应的英文字母ABCDEFGHIJK等，不能含有中文）。例子：“过程分析：依据《药品管理法》第十三条规定，药品标签应注明药品通用名称、产品批号、有效期等信息，没有说明可以标注实际期限。答案：B”\n3.必须要给出正确的答案，不能因为条件不够不给出答案。\n现在考试开始，下面是一道考试试题，题型：配伍选择题，题目：67. 根据《处⽅管理办法》，为门诊⼀般患者开具头孢克洛缓释⽚，每张处⽅（）。，选项：A. 不得超过15⽇常⽤量\nB. 不得超过7⽇常⽤量\nC. 为⼀次常⽤量\nD. 不得超过3⽇常⽤量。请根据你的专业知识进行分析，只选择1个最正确的答案并输出对应字母。\n",
        "model_answer": "过程分析：根据《处方管理办法》，开具头孢克洛缓释片的处方，需要注意药品的使用剂量和用药周期。一般来说，对于门诊一般患者，应该根据疾病情况和治疗需要来确定用药剂量和用药周期。头孢克洛缓释片是抗生素类药物，通常不宜长期连续使用，因此在开具处方时应当控制其使用剂量和用药周期。\n\n答案：D. 不得超过3日常用量",
        "question_type": "配伍选择题",
        "groundtruth": "B",
        "model_choice": "D"
    },
    {
        "id": 75,
        "query": "\n作为一位卓越的药剂师专家，接下来你将参加中国2021年执业药师职业资格考试。\n以下是答题要求：\n1.不要一步到位，请step by step分析问题再给出正确答案。\n2.回答格式为“过程分析：（这部分展示一步一步的思考过程，文本不能出现ABCDEFGHIJK等之中的英文字母字符），答案：（这部分只输出选项对应的英文字母ABCDEFGHIJK等，不能含有中文）。例子：“过程分析：依据《药品管理法》第十三条规定，药品标签应注明药品通用名称、产品批号、有效期等信息，没有说明可以标注实际期限。答案：B”\n3.必须要给出正确的答案，不能因为条件不够不给出答案。\n现在考试开始，下面是一道考试试题，题型：多项选择题，题目：113. 关于胃⾷管反流病患者应⽤含铝抗酸药⽤药教育的说法，正确的有（）。，选项：A. 长期服⽤可能会引起低磷⾎症\nB. 易引起腹泻\nC. 可快速缓解症状，对溃疡愈合⼏乎⽆作⽤\nD. 可增加⼼⾎管事件发⽣风险\nE. 与其他药物合⽤，通常要间隔2⼩时。请根据你的专业知识进行分析，选择不少于2个的正确选项并按ABCD的字母顺序无间隔输出（如正确选项为C、B、A，则应该输出“ABC”）。\n",
        "model_answer": "过程分析：对于胃食管反流病患者应用含铝抗酸药的药物教育，我们需要考虑以下几点：\nA. 长期服用可能会引起低磷血症：铝抗酸药长期使用可能会干扰磷的吸收，导致低磷血症。\nB. 易引起腹泻：铝抗酸药在一些人群中可能会引起腹泻。\nC. 可快速缓解症状，对溃疡愈合几乎无作用：铝抗酸药可以缓解胃食管反流所致的症状，但对溃疡愈合没有明显作用。\nD. 可增加心血管事件发生风险：目前尚无证据表明铝抗酸药能够增加心血管事件的发生风险。\nE. 与其他药物合用，通常要间隔2小时：铝抗酸药与其他药物同时使用时，通常需要间隔一定时间以避免相互作用。\n\n综上所述，正确选项为A和B。答案：AB",
        "question_type": "多项选择题",
        "groundtruth": "ACE",
        "model_choice": "AB"
    },
    {
        "id": 76,
        "query": "\n作为一位卓越的药剂师专家，接下来你将参加中国2021年执业药师职业资格考试。\n以下是答题要求：\n1.不要一步到位，请step by step分析问题再给出正确答案。\n2.回答格式为“过程分析：（这部分展示一步一步的思考过程，文本不能出现ABCDEFGHIJK等之中的英文字母字符），答案：（这部分只输出选项对应的英文字母ABCDEFGHIJK等，不能含有中文）。例子：“过程分析：依据《药品管理法》第十三条规定，药品标签应注明药品通用名称、产品批号、有效期等信息，没有说明可以标注实际期限。答案：B”\n3.必须要给出正确的答案，不能因为条件不够不给出答案。\n现在考试开始，下面是一道考试试题，题型：配伍选择题，题目：84. 根据《国家药品监督管理局职能配置、内设机构和⼈员编制规定》及其有关规定，负责组织开展执业药师考前培训、继续教育的是（）。，选项：A. 国家药品监督管理局⾼级研修学院\nB. 国家药品监督管理局执业药师资格认证中⼼\nC. 国家药典委员会\nD. 国家药品监督管理局信息中⼼。请根据你的专业知识进行分析，只选择1个最正确的答案并输出对应字母。\n",
        "model_answer": "过程分析：根据《国家药品监督管理局职能配置、内设机构和⼈员编制规定》，负责组织开展执业药师考前培训、继续教育的应该是与执业药师资格认证相关的机构。在选项中，国家药品监督管理局执业药师资格认证中心更符合这一职能。因此最正确的答案是B. 国家药品监督管理局执业药师资格认证中⼼。\n\n答案：B",
        "question_type": "配伍选择题",
        "groundtruth": "A",
        "model_choice": "B"
    },
    {
        "id": 77,
        "query": "\n作为一位卓越的药剂师专家，接下来你将参加中国2021年执业药师职业资格考试。\n以下是答题要求：\n1.不要一步到位，请step by step分析问题再给出正确答案。\n2.回答格式为“过程分析：（这部分展示一步一步的思考过程，文本不能出现ABCDEFGHIJK等之中的英文字母字符），答案：（这部分只输出选项对应的英文字母ABCDEFGHIJK等，不能含有中文）。例子：“过程分析：依据《药品管理法》第十三条规定，药品标签应注明药品通用名称、产品批号、有效期等信息，没有说明可以标注实际期限。答案：B”\n3.必须要给出正确的答案，不能因为条件不够不给出答案。\n现在考试开始，下面是一道考试试题，题型：最佳选择题，题目：95520. 原形⽆效，需经代谢后产⽣活性的药物是（）。，选项：A. 甲苯磺丁脲\nB. 管萘洛尔\nC. 氯吡格雷\nD. 地西泮\nE. 丙⽶嗪。请根据你的专业知识进行分析，只选择1个最正确的答案并输出对应字母。\n",
        "model_answer": "过程分析：根据题目描述，需要找出原形无效，需经代谢后才能产生活性的药物。这类药物通常是在体内通过代谢转化成活性物质才能发挥药效。在选项中，地西泮就是一个典型的例子，它是一种苯二氮䓬类药物，在体内经过代谢后产生活性代谢产物才具有镇静、抗焦虑等作用。因此，正确答案为D. 地西泮。\n答案：D",
        "question_type": "最佳选择题",
        "groundtruth": "C",
        "model_choice": "D"
    },
    {
        "id": 79,
        "query": "\n作为一位卓越的药剂师专家，接下来你将参加中国2021年执业药师职业资格考试。\n以下是答题要求：\n1.不要一步到位，请step by step分析问题再给出正确答案。\n2.回答格式为“过程分析：（这部分展示一步一步的思考过程，文本不能出现ABCDEFGHIJK等之中的英文字母字符），答案：（这部分只输出选项对应的英文字母ABCDEFGHIJK等，不能含有中文）。例子：“过程分析：依据《药品管理法》第十三条规定，药品标签应注明药品通用名称、产品批号、有效期等信息，没有说明可以标注实际期限。答案：B”\n3.必须要给出正确的答案，不能因为条件不够不给出答案。\n现在考试开始，下面是一道考试试题，题型：多项选择题，题目：2118. 患者，⼥，65岁。诊断为⾻质疏松症，给予鲑降钙素注射液治疗，⽤药期间需注意的事项有（）。，选项：A. 应当注意有⽆⽪下和⽛龈出⾎\nB. 必须补充⾜量的钙剂和维⽣素D\nC. 对蛋⽩质过敏者，使⽤前需做⽪肤敏感试验\nD. 可能出现低⾎糖反应\nE. 常出现⾯部潮红的不良反应。请根据你的专业知识进行分析，选择不少于2个的正确选项并按ABCD的字母顺序无间隔输出（如正确选项为C、B、A，则应该输出“ABC”）。\n",
        "model_answer": "过程分析：针对鲑降钙素注射液治疗⾻质疏松症，需要注意的事项如下：\nA. 应当注意有无皮下和牙龈出血：鲑降钙素注射液治疗期间可能导致出血情况，因此需要关注患者是否有皮下和牙龈出血。\nB. 必须补充足量的钙剂和维生素D：鲑降钙素是一种促进骨形成的药物，在使用过程中需要同时给予足够的钙剂和维生素D来辅助其作用。\nC. 对蛋白质过敏者，使用前需做皮肤敏感试验：在使用鲑降钙素之前，如果患者有蛋白质过敏史，则需要进行皮肤敏感试验以确保安全性。\nD. 可能出现低血糖反应：在使用鲑降钙素时，部分患者可能会出现低血糖反应，因此需要密切监测患者的血糖水平。\nE. 常出现面部潮红的不良反应：在使用鲑降钙素时，常见不良反应之一是面部潮红。\n\n答案：ABDE",
        "question_type": "多项选择题",
        "groundtruth": "BCE",
        "model_choice": "ABDE"
    },
    {
        "id": 80,
        "query": "\n作为一位卓越的药剂师专家，接下来你将参加中国2021年执业药师职业资格考试。\n以下是答题要求：\n1.不要一步到位，请step by step分析问题再给出正确答案。\n2.回答格式为“过程分析：（这部分展示一步一步的思考过程，文本不能出现ABCDEFGHIJK等之中的英文字母字符），答案：（这部分只输出选项对应的英文字母ABCDEFGHIJK等，不能含有中文）。例子：“过程分析：依据《药品管理法》第十三条规定，药品标签应注明药品通用名称、产品批号、有效期等信息，没有说明可以标注实际期限。答案：B”\n3.必须要给出正确的答案，不能因为条件不够不给出答案。\n现在考试开始，下面是一道考试试题，题型：最佳选择题，题目：36. 可⼲扰转录过程和阻⽌RNA合成的抗肿瘤药物是（）。，选项：A. 顺铂\nB. 塞替派\nC. 丝裂霉素\nD. 多柔⽐星\nE. 长春瑞滨。请根据你的专业知识进行分析，只选择1个最正确的答案并输出对应字母。\n",
        "model_answer": "过程分析：抗肿瘤药物中，可干扰转录过程和阻止RNA合成的药物通常是拟交联剂或者抑制DNA/RNA聚合酶的药物。在给出的选项中，顺铂（A）是一种拟交联剂，而塞替派（B）、丝裂霉素（C）、多柔比星（D）、长春瑞滨（E）都是抗肿瘤药物，但主要作用机制不是通过干扰转录过程和阻止RNA合成。因此，最符合题目要求的答案应该是A. 顺铂。\n\n答案：A",
        "question_type": "最佳选择题",
        "groundtruth": "D",
        "model_choice": "A"
    },
    {
        "id": 81,
        "query": "\n作为一位卓越的药剂师专家，接下来你将参加中国2021年执业药师职业资格考试。\n以下是答题要求：\n1.不要一步到位，请step by step分析问题再给出正确答案。\n2.回答格式为“过程分析：（这部分展示一步一步的思考过程，文本不能出现ABCDEFGHIJK等之中的英文字母字符），答案：（这部分只输出选项对应的英文字母ABCDEFGHIJK等，不能含有中文）。例子：“过程分析：依据《药品管理法》第十三条规定，药品标签应注明药品通用名称、产品批号、有效期等信息，没有说明可以标注实际期限。答案：B”\n3.必须要给出正确的答案，不能因为条件不够不给出答案。\n现在考试开始，下面是一道考试试题，题型：最佳选择题，题目：40. 兼有抑菌作⽤的⿐⽤减充⾎剂是（）。，选项：A. 呋⿇滴⿐液\nB. 赛洛唑啉滴⿐液\nC. 羟甲唑啉⿐喷剂\nD. ⿇黄碱滴⿐液\nE. 左氧氟沙星滴⿐液。请根据你的专业知识进行分析，只选择1个最正确的答案并输出对应字母。\n",
        "model_answer": "过程分析：根据药学专业知识，兼有抑菌作用的局用减充血剂通常包含具有抗菌活性的成分。在选项中，赛洛唑啉是一种广谱抗真菌药物，不具备抑菌作用。羟甲唑啉是一种广谱抗真菌药物，也不具备抑菌作用。左氧氟沙星是一种喹诺酮类抗生素，具有较好的杀菌作用。而呋咽滴丸、替硝唑滴丸和利巴韦林滴丸均为消化系统药物，与局部减充血剂无关。因此，最适合选择的答案是E. 左氧氟沙星滴丸。\n答案：E",
        "question_type": "最佳选择题",
        "groundtruth": "A",
        "model_choice": "E"
    },
    {
        "id": 83,
        "query": "\n作为一位卓越的药剂师专家，接下来你将参加中国2021年执业药师职业资格考试。\n以下是答题要求：\n1.不要一步到位，请step by step分析问题再给出正确答案。\n2.回答格式为“过程分析：（这部分展示一步一步的思考过程，文本不能出现ABCDEFGHIJK等之中的英文字母字符），答案：（这部分只输出选项对应的英文字母ABCDEFGHIJK等，不能含有中文）。例子：“过程分析：依据《药品管理法》第十三条规定，药品标签应注明药品通用名称、产品批号、有效期等信息，没有说明可以标注实际期限。答案：B”\n3.必须要给出正确的答案，不能因为条件不够不给出答案。\n现在考试开始，下面是一道考试试题，题型：配伍选择题，题目：76. 氨氯地平的妊娠毒性分级是（）。，选项：A. X级\nB. A级\nC. C级\nD. D级\nE. B级。请根据你的专业知识进行分析，只选择1个最正确的答案并输出对应字母。\n",
        "model_answer": "过程分析：氨氯地平是一种钙通道阻滞剂，用于治疗高血压和心绞痛。根据药物的妊娠毒性分级标准，X级代表有明确的胎儿危险性，A级为无风险，B级为动物实验无害但尚未进行人类研究，C级为动物实验有害但尚未进行人类研究，D级为已有人类证据显示有害，因此应排除。综合考虑氨氯地平在临床应用中较安全的特点，其妊娠毒性分级应该是B级。答案：E",
        "question_type": "配伍选择题",
        "groundtruth": "C",
        "model_choice": "E"
    },
    {
        "id": 84,
        "query": "\n作为一位卓越的药剂师专家，接下来你将参加中国2021年执业药师职业资格考试。\n以下是答题要求：\n1.不要一步到位，请step by step分析问题再给出正确答案。\n2.回答格式为“过程分析：（这部分展示一步一步的思考过程，文本不能出现ABCDEFGHIJK等之中的英文字母字符），答案：（这部分只输出选项对应的英文字母ABCDEFGHIJK等，不能含有中文）。例子：“过程分析：依据《药品管理法》第十三条规定，药品标签应注明药品通用名称、产品批号、有效期等信息，没有说明可以标注实际期限。答案：B”\n3.必须要给出正确的答案，不能因为条件不够不给出答案。\n现在考试开始，下面是一道考试试题，题型：最佳选择题，题目：21. 关于疫苗流通管理的说法，错误的是（）。，选项：A. 疫苗上市许可持有⼈在销售疫苗时，应当提供加盖其印章的批签发证明复印件或者电⼦⽂件\nB. 疫苗上市许可持有⼈应当按照采购合同约定，向疾病防控制机构和接种单位直接供应疫苗\nC. 疫苗上市许可持有⼈应当按照规定，建⽴真实、准确完整的销售记录，并保存⾄疫苗有效期满后不少于五年备查\nD. 疾病预防控制机构、接种单位应当建⽴疫苗定期检查制度。请根据你的专业知识进行分析，只选择1个最正确的答案并输出对应字母。\n",
        "model_answer": "过程分析：根据疫苗流通管理相关规定，疫苗上市许可持有人在销售疫苗时需要提供批签发证明复印件或者电子文件，并且应按约定向疾病防控机构和接种单位直接供应疫苗。销售记录也需要真实、准确完整，并保存备查至疫苗有效期满后不少于五年。另外，疾病预防控制机构和接种单位也应建立疫苗定期检查制度。因此，错误的说法是选项D. 疾病预防控制机构、接种单位应当建立疫苗定期检查制度。\n答案：D",
        "question_type": "最佳选择题",
        "groundtruth": "B",
        "model_choice": "D"
    },
    {
        "id": 85,
        "query": "\n作为一位卓越的药剂师专家，接下来你将参加中国2021年执业药师职业资格考试。\n以下是答题要求：\n1.不要一步到位，请step by step分析问题再给出正确答案。\n2.回答格式为“过程分析：（这部分展示一步一步的思考过程，文本不能出现ABCDEFGHIJK等之中的英文字母字符），答案：（这部分只输出选项对应的英文字母ABCDEFGHIJK等，不能含有中文）。例子：“过程分析：依据《药品管理法》第十三条规定，药品标签应注明药品通用名称、产品批号、有效期等信息，没有说明可以标注实际期限。答案：B”\n3.必须要给出正确的答案，不能因为条件不够不给出答案。\n现在考试开始，下面是一道考试试题，题型：综合分析选择题，题目：题干：秦某是⼀所中医药⼤学中医学专业硕⼠毕业⽣，已获得硕⼠学位，在校期间学过中药材知识和栽培技术，具有中药材辨识能⼒。临近毕业时，准备参加执业药师职业资格考试，但因专业⼯作年限不符合报名条件，未能参加考试。 秦某的⽼家在边远⼭区，交通不便，为解决家乡群众看病难题，毕业后主动返乡当村医。平时除给乡邻治病之外，还在⾃家地⾥种植地产中药材。\n95. 根据《中医药法》，关于秦某种植地产中药材的说法，正确的是（）。，选项：A. 销售给当地的中药饮⽚⽣产企业\nB. 将⾃产中药材加⼯成中药制剂⽅便村民使⽤\nC. 在其开设的诊所中煎汤药给村民治病\nD. 种植仅供⾃⽤的医疗⽤毒性中药材。请根据你的专业知识进行分析，只选择1个最正确的答案并输出对应字母。\n",
        "model_answer": "过程分析：根据《中医药法》，对于种植地产中药材的使用有着具体规定。在这道题目中，秦某是一位中医学专业硕士毕业生，已获得硕士学位，并且具备中药材知识和辨识能力。他种植地产中药材的目的是为了解决家乡群众看病难的问题。因此，正确的做法应该是将自产中药材加工成中药制剂方便村民使用。\n\n答案：B",
        "question_type": "综合分析选择题",
        "groundtruth": "C",
        "model_choice": "B"
    },
    {
        "id": 88,
        "query": "\n作为一位卓越的药剂师专家，接下来你将参加中国2021年执业药师职业资格考试。\n以下是答题要求：\n1.不要一步到位，请step by step分析问题再给出正确答案。\n2.回答格式为“过程分析：（这部分展示一步一步的思考过程，文本不能出现ABCDEFGHIJK等之中的英文字母字符），答案：（这部分只输出选项对应的英文字母ABCDEFGHIJK等，不能含有中文）。例子：“过程分析：依据《药品管理法》第十三条规定，药品标签应注明药品通用名称、产品批号、有效期等信息，没有说明可以标注实际期限。答案：B”\n3.必须要给出正确的答案，不能因为条件不够不给出答案。\n现在考试开始，下面是一道考试试题，题型：多项选择题，题目：119. 属于碳青霉烯类的抗菌药物有（）。，选项：A. 亚胺培南\nB. 氨曲南\nC. 美罗培南\nD. 厄他培南\nE. ⽐阿培南。请根据你的专业知识进行分析，选择不少于2个的正确选项并按ABCD的字母顺序无间隔输出（如正确选项为C、B、A，则应该输出“ABC”）。\n",
        "model_answer": "过程分析：首先，碳青霉烯类抗菌药物是一类广谱抗生素，具有较强的杀菌作用。在给出的选项中，亚胺培南、氨曲南、美罗培南、厄他培南和⽐阿培南都属于碳青霉烯类抗菌药物。因此，正确选项应该包括这些药物。\n\n答案：ABCDE",
        "question_type": "多项选择题",
        "groundtruth": "ACDE",
        "model_choice": "ABCDE"
    },
    {
        "id": 92,
        "query": "\n作为一位卓越的药剂师专家，接下来你将参加中国2021年执业药师职业资格考试。\n以下是答题要求：\n1.不要一步到位，请step by step分析问题再给出正确答案。\n2.回答格式为“过程分析：（这部分展示一步一步的思考过程，文本不能出现ABCDEFGHIJK等之中的英文字母字符），答案：（这部分只输出选项对应的英文字母ABCDEFGHIJK等，不能含有中文）。例子：“过程分析：依据《药品管理法》第十三条规定，药品标签应注明药品通用名称、产品批号、有效期等信息，没有说明可以标注实际期限。答案：B”\n3.必须要给出正确的答案，不能因为条件不够不给出答案。\n现在考试开始，下面是一道考试试题，题型：配伍选择题，题目：56. 根据《药品经营质量管理规范》及其有关附录⽂件，属于温湿度⾃动监测系统特有的验证项⽬是（）。，选项：A. 测点终端安装数量及位置确认\nB. 测点终端参数与数据联动传输确认\nC. 运输最长时限验证\nD. 极端温度保温性能验证。请根据你的专业知识进行分析，只选择1个最正确的答案并输出对应字母。\n",
        "model_answer": "过程分析：根据《药品经营质量管理规范》及其有关附录文件，温湿度自动监测系统特有的验证项目应该是与系统的参数、数据传输等相关的内容，而不是运输时限或保温性能。因此，最正确的答案是B. 测点终端参数与数据联动传输确认。\n\n答案：B",
        "question_type": "配伍选择题",
        "groundtruth": "A",
        "model_choice": "B"
    },
    {
        "id": 93,
        "query": "\n作为一位卓越的药剂师专家，接下来你将参加中国2021年执业药师职业资格考试。\n以下是答题要求：\n1.不要一步到位，请step by step分析问题再给出正确答案。\n2.回答格式为“过程分析：（这部分展示一步一步的思考过程，文本不能出现ABCDEFGHIJK等之中的英文字母字符），答案：（这部分只输出选项对应的英文字母ABCDEFGHIJK等，不能含有中文）。例子：“过程分析：依据《药品管理法》第十三条规定，药品标签应注明药品通用名称、产品批号、有效期等信息，没有说明可以标注实际期限。答案：B”\n3.必须要给出正确的答案，不能因为条件不够不给出答案。\n现在考试开始，下面是一道考试试题，题型：配伍选择题，题目：54. 长期应⽤⼴谱抗⽣素造成⼆重感染的不良反应属于（）。，选项：A. 特异质反应\nB. 停药反应\nC. 后遗效应\nD. 毒性反应\nE. 继发反应。请根据你的专业知识进行分析，只选择1个最正确的答案并输出对应字母。\n",
        "model_answer": "过程分析：长期应用广谱抗生素可能导致二重感染，这是由于广谱抗生素杀死了正常菌群，导致原本被正常菌群控制的病原体滋生引起的不良反应。这种情况属于毒性反应，即药物对机体产生有害作用的反应。\n答案：D",
        "question_type": "配伍选择题",
        "groundtruth": "E",
        "model_choice": "D"
    },
    {
        "id": 95,
        "query": "\n作为一位卓越的药剂师专家，接下来你将参加中国2021年执业药师职业资格考试。\n以下是答题要求：\n1.不要一步到位，请step by step分析问题再给出正确答案。\n2.回答格式为“过程分析：（这部分展示一步一步的思考过程，文本不能出现ABCDEFGHIJK等之中的英文字母字符），答案：（这部分只输出选项对应的英文字母ABCDEFGHIJK等，不能含有中文）。例子：“过程分析：依据《药品管理法》第十三条规定，药品标签应注明药品通用名称、产品批号、有效期等信息，没有说明可以标注实际期限。答案：B”\n3.必须要给出正确的答案，不能因为条件不够不给出答案。\n现在考试开始，下面是一道考试试题，题型：配伍选择题，题目：89. 患者，⼥，65岁。诊断为社区获得性肺炎，伴肾功能不全，肌酐清除率25mL/min，宜选⽤的⽆需根据肾功能调整剂量的抗菌药物是（）。，选项：A. 头孢曲松\nB. 头孢唑林\nC. 头孢噻肟\nD. 头孢他啶\nE. 头孢吡肟。请根据你的专业知识进行分析，只选择1个最正确的答案并输出对应字母。\n",
        "model_answer": "过程分析：根据患者的肾功能不全，肌酐清除率为25mL/min，需要选择无需根据肾功能调整剂量的抗菌药物。在这种情况下，应该选择不依赖肾脏排泄途径而主要通过非肾脏途径代谢和排泄的抗菌药物。头孢唑林是一种通过非肾脏途径代谢和排泄的头孢菌素类抗生素，因此是最合适的选择。\n\n答案：B",
        "question_type": "配伍选择题",
        "groundtruth": "A",
        "model_choice": "B"
    },
    {
        "id": 99,
        "query": "\n作为一位卓越的药剂师专家，接下来你将参加中国2021年执业药师职业资格考试。\n以下是答题要求：\n1.不要一步到位，请step by step分析问题再给出正确答案。\n2.回答格式为“过程分析：（这部分展示一步一步的思考过程，文本不能出现ABCDEFGHIJK等之中的英文字母字符），答案：（这部分只输出选项对应的英文字母ABCDEFGHIJK等，不能含有中文）。例子：“过程分析：依据《药品管理法》第十三条规定，药品标签应注明药品通用名称、产品批号、有效期等信息，没有说明可以标注实际期限。答案：B”\n3.必须要给出正确的答案，不能因为条件不够不给出答案。\n现在考试开始，下面是一道考试试题，题型：配伍选择题，题目：48. 患者，男，54岁，因痛风服⽤⾮布司他，为增强降尿酸效果，可同时使⽤的药物是（）。，选项：A. 阿托伐他汀\nB. 甲巯咪唑\nC. 丙硫氧嘧啶\nD. 氢氯噻嗪\nE. 碳酸氢钠。请根据你的专业知识进行分析，只选择1个最正确的答案并输出对应字母。\n",
        "model_answer": "过程分析：痛风是嘌呤代谢紊乱导致尿酸排泄减少或生成增加，因此治疗痛风的药物主要包括降低血尿酸水平和预防痛风发作。非布司他是一种常用的降尿酸药物，可以通过抑制尿酸合成来达到降低尿酸水平的效果。在增强降尿酸效果时，可考虑同时使用其他药物。\n\n根据中药学专业知识，甲巯咪唑是一种促进尿酸排泄的利尿剂，可以与非布司他联合使用以增强降尿酸效果。\n\n答案：B",
        "question_type": "配伍选择题",
        "groundtruth": "E",
        "model_choice": "B"
    }
]