[
    {
        "question": "14. ⽤烯丙基、环丙基甲基或环丁基甲基对吗啡及其类似物的叔胺部分进⾏修饰后，由阿⽚受体激动剂转为拮抗剂，属于阿⽚受体拮抗剂的是（）。",
        "option": {
            "A": "",
            "B": "",
            "C": "",
            "D": "",
            "E": ""
        },
        "analysis": "当吗啡的N-甲基被烯丙基、环丙基甲基或环丁基甲基等取代后，导致吗啡样物质对受体的作⽤发⽣逆转，由激动剂变为拮抗剂。如烯丙吗啡（Nalorphine）、纳洛酮（Naloxone）和纳曲酮（Naltrexone），均⽆镇痛作⽤，都是阿⽚受体阻断药，A项，是烯丙吗啡。",
        "answer": "A",
        "question_type": "最佳选择题",
        "source": "2021年执业药师职业资格考试《药学专业知识（⼀）》"
    },
    {
        "question": "83. 结构中引⼊甲磺酰基，通过氢键作⽤增⼤了与酶的结合能⼒，使药效增强的药物是（）。",
        "option": {
            "A": "",
            "B": "",
            "C": "",
            "D": "",
            "E": ""
        },
        "analysis": "瑞舒伐他汀钙是全合成的他汀类药物，其分⼦中的双环部分改成了多取代的嘧啶环，嘧啶环上引⼊的甲磺酰基作为氢键接受体，和HMG-CoA还原酶形成氢键，增加了与酶的结合能⼒，抑制作⽤更强。",
        "answer": "C",
        "question_type": "配伍选择题",
        "source": "2021年执业药师职业资格考试《药学专业知识（⼀）》"
    },
    {
        "question": "81. 在体外⽆活性，需要在体内⽔解开环发挥活性的药物是（）。",
        "option": {
            "A": "",
            "B": "",
            "C": "",
            "D": "",
            "E": ""
        },
        "analysis": "洛伐他汀是天然的他汀类药物，但由于分⼦中存在内酯结构，所以体外⽆HMG-CoA还原酶抑制作⽤，需进⼊体内后分⼦中的羟基内酯结构⽔解为3，5-⼆羟基戊酸才表现出活性。",
        "answer": "D",
        "question_type": "配伍选择题",
        "source": "2021年执业药师职业资格考试《药学专业知识（⼀）》"
    }
]